date,mean_light,median_light,sum_light,std_light,min_light,max_light,TAT_250_MEDI,TAT_2500_lux,Light_M10,Light_M10_Start,Light_L5,Light_L5_Start
21/09/2022,1.289971787,1.513683617,1225.473197,0.813756684,0,3.553471586,5.5,1.5,1.945633402,21/09/2022 16:20,0,21/09/2022 16:05
22/09/2022,1.185253129,1.432608565,3413.529012,0.891386376,0,3.81829717,21.5,4,2.583023548,22/09/2022 16:17,0,23/09/2022 04:58
23/09/2022,1.071269109,1.277723789,3085.255033,0.901448619,0,4.356409474,17,8,2.005145085,23/09/2022 17:22,0,24/09/2022 03:31
24/09/2022,1.386484399,1.803650941,3993.075068,1.024629495,0,3.078456818,74,0,2.401441116,25/09/2022 16:05,0,25/09/2022 04:49
25/09/2022,1.421084185,1.112939976,4092.722452,1.383557376,0,4.710747862,377,122,2.533857589,25/09/2022 16:06,0,26/09/2022 04:17
26/09/2022,1.251515241,1.524915148,3604.363895,0.931199636,0,4.658066849,26.5,4,2.318748336,26/09/2022 17:51,0,27/09/2022 04:57
27/09/2022,1.248915793,1.628056695,3596.877484,0.909955419,0,3.287928866,18.5,0,1.929486521,27/09/2022 20:59,0,28/09/2022 04:22
28/09/2022,1.170760695,1.191311258,3371.790801,0.862495871,0,3.171308043,12.5,0,1.958439552,28/09/2022 17:48,0,29/09/2022 06:09
29/09/2022,1.226676061,1.396896449,3532.827057,0.89236883,0,4.38478212,19,9.5,1.883988846,29/09/2022 19:36,0,30/09/2022 04:52
30/09/2022,1.061255421,1.20310091,3056.415611,0.899796916,0,3.057502547,18,0,2.196468592,30/09/2022 16:09,0,01/10/2022 04:00
01/10/2022,1.177076593,0.645422269,3389.980588,1.333557417,0,4.804828166,360.5,50.5,2.842616569,01/10/2022 16:05,0.001318967,02/10/2022 08:14
02/10/2022,1.577012361,1.425697213,4541.795601,1.39763851,0,4.995303864,431,133.5,3.234117224,02/10/2022 16:05,0,03/10/2022 05:43
03/10/2022,1.382829594,1.36604921,3982.54923,1.108208441,0,4.369386387,201,43.5,2.802261024,03/10/2022 16:17,0,04/10/2022 05:06
04/10/2022,1.096148258,1.191311258,3156.906983,0.980741541,0,4.067581141,94,17,2.659238571,04/10/2022 16:05,0.149943069,05/10/2022 05:34
05/10/2022,1.147276818,1.236663199,3304.157237,0.87618261,0,3.953369183,49,3.5,2.004832064,05/10/2022 16:42,0.00082764,06/10/2022 05:07
06/10/2022,1.199472171,1.220170195,3454.479852,0.98732068,0,4.178099419,126.5,21.5,1.99036271,06/10/2022 17:10,0,07/10/2022 06:06
07/10/2022,1.305079211,1.166726056,3758.628127,1.238817329,0,4.64928013,233.5,46.5,3.21007227,07/10/2022 16:05,0,08/10/2022 05:22
08/10/2022,0.843669295,0,2429.76757,1.028418868,0,4.743146656,94,25,1.743868252,09/10/2022 16:05,0,08/10/2022 16:05
09/10/2022,1.26832309,1.282566791,3652.7705,1.092748471,0,3.463083343,170,0.5,2.76105725,09/10/2022 16:05,0,10/10/2022 05:59
10/10/2022,1.362694144,1.14066514,3924.559135,1.282025456,0,4.827240387,281,93,2.738777231,10/10/2022 16:06,0,11/10/2022 05:26
11/10/2022,1.198767745,0.816738299,3452.451106,1.21473636,0,4.676956301,205,50.5,3.314168948,11/10/2022 16:25,0,12/10/2022 04:52
12/10/2022,0.965937378,1.083323418,2781.899648,0.867241547,0,3.673367467,32.5,3.5,2.543150196,12/10/2022 16:10,0,13/10/2022 05:30
13/10/2022,1.295152628,1.522125418,3730.039569,0.913771159,0,2.921491389,38.5,0,2.074082686,13/10/2022 17:18,0.002525019,14/10/2022 06:00
14/10/2022,1.122707835,1.236663199,3233.398566,0.884455141,0,4.45041648,36.5,8.5,2.268295726,15/10/2022 16:05,0,15/10/2022 04:08
15/10/2022,1.407676238,1.24729799,4054.107566,1.286509405,0,4.36063809,344,77,2.654793084,15/10/2022 16:30,0,16/10/2022 05:09
16/10/2022,1.421633233,1.301520669,4094.303711,1.389083002,0,4.538123498,392.5,113.5,3.54572018,16/10/2022 16:05,0,17/10/2022 05:13
17/10/2022,1.219356113,1.478133428,3511.745605,0.906542564,0,3.21167174,9,0,2.322399448,17/10/2022 16:06,0,18/10/2022 04:29
18/10/2022,,1.459203951,,,,3.59502309,5.5,1.5,2.256009074,18/10/2022 16:06,0,19/10/2022 05:17
19/10/2022,1.118410356,1.214578954,3221.021825,0.994421053,0,4.705834217,66.5,6.5,2.742312631,19/10/2022 16:05,0,20/10/2022 05:14
20/10/2022,0.986178798,1.112939976,2840.194937,0.725678735,0,3.81375974,11,3,1.47504859,20/10/2022 18:47,0,21/10/2022 05:56
21/10/2022,1.050233627,1.15389105,3024.672845,0.928449895,0,3.478159424,61,2,2.706606848,21/10/2022 16:05,0,22/10/2022 06:19
22/10/2022,1.261378932,1.20310091,3632.771323,1.214408023,0,4.128008745,256.5,32.5,2.657904917,22/10/2022 17:04,0,23/10/2022 04:43
23/10/2022,1.212863704,1.179192603,3493.047467,1.169882898,0,4.009158435,186,20,3.529233354,23/10/2022 16:15,0,24/10/2022 03:08
24/10/2022,1.131899728,1.373968849,3259.871216,0.862350795,0,2.664094062,0,0,1.846194813,24/10/2022 19:10,0,25/10/2022 04:42
25/10/2022,1.175869715,1.446109807,3386.50478,0.940453764,0,4.280060003,28.5,15.5,2.238216575,25/10/2022 16:05,0.043268665,26/10/2022 04:08
26/10/2022,1.179411584,1.373968849,3396.705363,0.894804495,0,4.366074448,15.5,6.5,1.864792866,26/10/2022 16:05,0,27/10/2022 04:54
27/10/2022,1.206575567,1.287409793,3474.937633,0.932930308,0,3.927125939,49.5,3,2.101257186,27/10/2022 16:05,0,28/10/2022 05:16
28/10/2022,1.049621766,0.787460475,3022.910685,1.108791975,0,4.765745201,151.5,26.5,2.192622022,29/10/2022 16:05,0,29/10/2022 02:39
29/10/2022,1.301587019,1.127023766,3748.570614,1.221500467,0,4.277911396,266.5,44,2.424234111,30/10/2022 16:05,0,30/10/2022 04:32
30/10/2022,1.29047129,0.980003372,3716.557314,1.338970035,0,5.163117526,291,127,1.899148207,31/10/2022 16:05,0,31/10/2022 03:41
31/10/2022,1.153789719,1.341385058,3322.914389,0.98853738,0,4.823922443,44,12.5,2.211999316,01/11/2022 16:05,0,01/11/2022 04:15
01/11/2022,1.25695762,1.017242126,3620.037947,1.272034761,0,4.6751243,287.5,75.5,2.145183257,01/11/2022 16:11,0,02/11/2022 04:50
02/11/2022,1.16573056,1.179192603,3357.304013,0.981846016,0,4.359601014,127.5,23.5,1.860997321,03/11/2022 16:05,0.000597351,03/11/2022 05:21
03/11/2022,1.202456244,1.090853764,3463.073983,1.150187099,0,4.827958338,119,35,2.239288853,03/11/2022 16:56,0,04/11/2022 03:53
04/11/2022,1.094120861,1.090853764,3151.068081,1.021798765,0,4.729144776,60,7.5,1.74448644,04/11/2022 16:43,0,05/11/2022 05:49
05/11/2022,0.859338973,0.722222464,2474.896243,0.897935664,0,3.593321518,47.5,4,2.395365714,05/11/2022 16:05,0,06/11/2022 06:57
06/11/2022,0.634706148,0.154576117,1827.953707,0.769575654,0,2.575092544,0,0,1.823869086,06/11/2022 16:18,0,07/11/2022 04:37
07/11/2022,1.15994576,1.179192603,3340.643788,1.03108417,0,3.243119936,41.5,0,2.639680683,07/11/2022 16:05,0.001779536,08/11/2022 05:35
08/11/2022,1.129247994,1.025985412,3252.234224,1.123036152,0,4.114756392,156,32,3.095327343,08/11/2022 16:05,0,09/11/2022 05:21
09/11/2022,1.219706675,1.083323418,3512.755223,1.160609893,0,4.879189842,203.5,22,2.387260126,09/11/2022 17:10,0,10/11/2022 05:19
10/11/2022,0.996625145,0.601244925,2870.280418,1.088153128,0,3.808943859,116,15.5,2.117138666,10/11/2022 16:05,0.001490527,11/11/2022 06:02
11/11/2022,1.176950119,1.051538391,3389.616343,1.17463738,0,4.977981728,167.5,23,2.26857053,11/11/2022 16:52,0,12/11/2022 04:32
12/11/2022,0.787591718,0,2268.264147,1.006597722,0,4.115610844,87.5,3,2.888210809,12/11/2022 16:05,0,13/11/2022 05:02
13/11/2022,0.792676418,0.601244925,2282.908084,0.860293679,0,4.396055605,26.5,7,1.940612959,13/11/2022 16:19,0,14/11/2022 05:03
14/11/2022,0.963410735,0.756065294,2774.622916,1.010749669,0,3.689450936,55.5,4,1.747115427,15/11/2022 16:05,0,15/11/2022 04:28
15/11/2022,1.117969307,1.31523541,3219.751605,0.966393094,0,3.3275843,13.5,0,1.909402268,15/11/2022 18:04,0,16/11/2022 04:17
16/11/2022,0.947218832,0.939269586,2727.990236,0.853950513,0,3.673997202,10,2.5,1.907355632,16/11/2022 16:51,0,17/11/2022 05:16
17/11/2022,1.158159597,1.349763044,3335.499639,0.968535322,0,4.086729891,42,14.5,1.902354009,17/11/2022 16:44,0,18/11/2022 05:17
18/11/2022,,0.496583734,,,,3.685025682,19.5,3.5,1.964059177,18/11/2022 16:05,0,19/11/2022 04:22
19/11/2022,1.266420104,1.628056695,3647.289899,1.012414683,0,3.104472771,51,0,2.450906385,19/11/2022 16:06,0,20/11/2022 04:41
20/11/2022,1.079102519,0,3107.815254,1.341959715,0,5.058159824,285.5,97.5,2.73792182,20/11/2022 16:05,0,21/11/2022 03:07
21/11/2022,0.994177853,1.166726056,2863.232218,0.871250863,0,3.898444335,24.5,6.5,1.88942777,21/11/2022 16:05,0,22/11/2022 03:25
22/11/2022,0.919953286,1.051538391,2649.465463,0.783821468,0,2.536914948,0,0,2.155915308,22/11/2022 16:06,0,23/11/2022 04:28
23/11/2022,1.048650094,1.277723789,3020.11227,0.918927835,0,4.278420209,15.5,5,2.020079069,23/11/2022 16:45,0,24/11/2022 04:00
24/11/2022,0.914711238,0.939269586,2634.368365,0.88384739,0,4.291444335,33,9.5,1.853250505,25/11/2022 16:05,0,25/11/2022 03:32
25/11/2022,1.287964524,1.562084591,3709.337829,0.915030432,0,3.984628112,29.5,7,2.526355278,25/11/2022 16:06,0.11191233,26/11/2022 06:02
26/11/2022,0.851142523,0.432969291,2451.290468,0.98094584,0,4.122946517,91.5,6.5,2.055212086,27/11/2022 16:05,0,27/11/2022 04:30
27/11/2022,1.227510641,1.14066514,3535.230646,1.217475495,0,4.717645876,252.5,61.5,1.798325978,28/11/2022 16:05,0,28/11/2022 05:01
28/11/2022,1.106234565,1.296884476,3185.955546,0.933627946,0,3.084000411,12.5,0,2.114293987,28/11/2022 16:05,0,29/11/2022 03:30
29/11/2022,1.148301151,1.389387607,3307.107314,0.868331429,0,3.414435158,3.5,0.5,2.18692258,29/11/2022 16:07,0,30/11/2022 05:13
30/11/2022,0.952150804,0.917374204,2742.194316,0.904724125,0,3.898068857,33.5,6,2.438700533,30/11/2022 16:05,0,01/12/2022 05:37
01/12/2022,1.164153812,1.083323418,3352.762977,1.095143414,0,3.279524361,116,0,2.512704038,01/12/2022 16:05,0,02/12/2022 04:42
02/12/2022,1.2279297,1.127023766,3536.437535,1.198654089,0,3.980453349,231.5,47,2.465845616,02/12/2022 16:20,0.214947946,03/12/2022 10:18
03/12/2022,0.685901058,0.756065294,1975.395048,0.693301583,0,3.058152606,12,0,1.224401734,03/12/2022 17:07,0,03/12/2022 16:05
04/12/2022,0.615428428,0,1772.433871,0.790881501,0,2.66610127,0,0,1.634240747,05/12/2022 16:05,0,05/12/2022 05:00
05/12/2022,1.108965499,1.09838411,3193.820638,1.029943885,0,3.1413927,48,0,2.135360678,05/12/2022 16:13,0,06/12/2022 05:15
06/12/2022,1.301038688,1.067721624,3746.991423,1.221387096,0,3.597281532,271.5,10,2.407940936,06/12/2022 17:01,0,06/12/2022 16:05
07/12/2022,1.066567295,0.869964706,3071.713811,1.01552897,0,3.634669687,72,9,2.668333671,07/12/2022 16:06,0.595463158,08/12/2022 07:55
08/12/2022,1.342978613,0.999021736,3867.778406,0.959334864,0,3.488891814,165.5,1,2.782423455,08/12/2022 16:06,0,09/12/2022 04:49
09/12/2022,0.929419835,0.722222464,2676.729125,1.024839679,0,3.443738495,89,0.5,2.124149597,09/12/2022 16:06,0,10/12/2022 05:45
10/12/2022,0.468469917,0,1349.193361,0.676792631,0,4.488403342,7.5,2.5,1.43148547,10/12/2022 16:05,0,11/12/2022 05:33
11/12/2022,0.623750253,0.432969291,1796.400729,0.703816846,0,3.263832463,4.5,0,1.728177847,12/12/2022 16:05,0,11/12/2022 16:05
12/12/2022,1.16429214,1.067721624,3353.161364,1.069562426,0,2.990456516,80.5,0,2.703310727,12/12/2022 16:05,0,13/12/2022 04:52
13/12/2022,1.002790792,0.787460475,2888.037481,1.046030187,0,3.6450507,114.5,13,2.039647994,13/12/2022 16:07,0,14/12/2022 05:12
14/12/2022,0.752756247,0.552059534,2167.93799,0.901157528,0,3.625971625,74.5,14,2.423074096,14/12/2022 16:11,0,15/12/2022 04:47
15/12/2022,0.870341085,0.601244925,2506.582325,0.935216592,0,3.18558748,38.5,0,1.273593717,16/12/2022 16:05,0,16/12/2022 06:47
16/12/2022,0.888617014,0.756065294,2559.216999,0.932943997,0,4.290950563,48,2,2.388557113,16/12/2022 16:05,0,17/12/2022 04:36
17/12/2022,0.96272166,0.816738299,2772.638382,0.965900002,0,3.332878591,61.5,0,1.91717516,17/12/2022 16:05,0,18/12/2022 04:42
18/12/2022,1.139699447,1.220170195,3282.334408,0.929706718,0,4.190822874,45.5,3,1.835770733,18/12/2022 16:13,0,19/12/2022 05:30
19/12/2022,1.084579179,1.127023766,3123.588036,0.8992571,0,3.761730934,26.5,9.5,2.279627025,19/12/2022 16:05,0,20/12/2022 04:37
20/12/2022,0.925968982,0.999021736,2666.790668,0.860529517,0,3.857132192,7.5,3.5,1.542733914,21/12/2022 15:48,0,21/12/2022 03:09
21/12/2022,0.985491957,1.034728698,2838.216836,0.831608089,0,2.570125373,0,0,1.889126586,21/12/2022 16:08,0,22/12/2022 02:44
22/12/2022,0.949795256,0.960113872,2735.410337,0.918573142,0,2.849823114,1,0,1.90214238,22/12/2022 16:33,0,23/12/2022 06:41
23/12/2022,1.207454557,1.446109807,3477.469125,0.874926225,0,3.181694988,6,0,1.709376509,23/12/2022 22:43,0,24/12/2022 05:34
24/12/2022,0.74923042,0,2157.783608,0.963225451,0,3.570572125,39,5.5,2.048798516,24/12/2022 16:12,0,25/12/2022 02:45
25/12/2022,0.825912901,0,2378.629156,1.0217842,0,3.54572018,98.5,3.5,1.79629674,25/12/2022 16:05,0,26/12/2022 04:24
26/12/2022,0.67179588,0,1934.772134,0.836991572,0,3.127774521,6.5,0,2.063033565,26/12/2022 16:11,0,27/12/2022 03:16
27/12/2022,1.031534846,1.14066514,2970.820356,0.922292069,0,3.628075103,6.5,2,2.352086262,27/12/2022 16:07,0,28/12/2022 04:20
28/12/2022,0.671222269,0,966.5600674,0.871945415,0,3.056199503,9,0,3.002220521,29/12/2022 12:03,1.911380405,29/12/2022 16:05
29/12/2022,1.264568627,1.411535532,1819.714254,0.813432621,0,3.002805149,7.5,0,1.884975216,29/12/2022 17:28,0.000257627,30/12/2022 04:50
30/12/2022,0.904254792,0.869964706,2604.253801,0.882102097,0,2.824989332,2,0,2.184362375,30/12/2022 16:08,0,31/12/2022 04:16
31/12/2022,0.750864981,0,2162.491145,0.90364469,0,3.198590563,40,0,1.186896748,01/01/2023 16:05,0,01/01/2023 06:03
01/01/2023,0.734029225,0.432969291,2114.004167,0.803736663,0,3.358016746,2.5,0,1.712787712,01/01/2023 16:23,0,02/01/2023 03:06
02/01/2023,0.836584499,0,2409.363357,0.980649538,0,3.93132156,16,6,1.969486128,02/01/2023 17:11,0,03/01/2023 04:13
03/01/2023,0.942585854,0.756065294,2714.64726,1.020000623,0,4.370874882,79.5,31,2.450703186,03/01/2023 16:05,0.00298861,04/01/2023 04:36
04/01/2023,1.21703192,0.787460475,3505.051929,1.326542814,0,4.984233514,292.5,110.5,2.170070908,04/01/2023 16:07,0,05/01/2023 03:45
05/01/2023,0.922627725,0.268343914,2657.167847,1.141080363,0,4.237858287,100.5,63,1.652019541,05/01/2023 16:14,0,06/01/2023 04:12
06/01/2023,0.911680557,0.703870141,2625.640005,0.95955481,0,3.230419542,40.5,0,1.72564469,06/01/2023 16:08,0,07/01/2023 07:02
07/01/2023,0.754013798,0.268343914,2171.559739,0.877010273,0,3.369267821,20,0,2.476697023,07/01/2023 16:14,0,08/01/2023 04:51
08/01/2023,0.833924121,0.358410786,2401.701468,0.973311864,0,3.80173565,79.5,13.5,1.714255736,09/01/2023 16:05,0.000979242,09/01/2023 04:24
09/01/2023,1.024816729,0.756065294,2951.47218,1.085474732,0,3.670046292,135,8.5,1.683111749,09/01/2023 17:00,0,10/01/2023 04:07
10/01/2023,0.922069991,0.496583734,2655.561573,0.996452256,0,2.98202461,23,0,2.377526981,10/01/2023 16:22,0,11/01/2023 04:49
11/01/2023,1.063992187,0.816738299,3064.2975,1.065888512,0,3.71452255,75.5,4.5,2.244663353,11/01/2023 16:10,0,12/01/2023 04:47
12/01/2023,1.074978026,0.999021736,3095.936715,1.058507398,0,3.567969256,106,3,1.801071302,13/01/2023 16:05,0,13/01/2023 05:36
13/01/2023,0.933870174,0.154576117,2689.546102,1.125924655,0,3.724439723,121.5,11.5,2.563105337,13/01/2023 16:07,0,14/01/2023 03:41
14/01/2023,0.792562222,0.268343914,2282.5792,0.962839088,0,4.942771194,69,10.5,2.354788486,14/01/2023 16:07,0,15/01/2023 03:52
15/01/2023,0.701162253,0,2019.347287,0.875098796,0,3.397820127,20.5,0,1.911247834,15/01/2023 16:08,0,16/01/2023 06:20
16/01/2023,0.937371331,0.980003372,2699.629433,0.880479193,0,3.089474134,6,0,1.845302459,16/01/2023 16:06,1.48E-18,17/01/2023 04:37
17/01/2023,0.929729494,0.960113872,2677.620942,0.888115273,0,3.065079783,1.5,0,2.135188327,17/01/2023 16:05,0,18/01/2023 04:16
18/01/2023,,0.917374204,,,,3.030149409,5.5,0,2.131089105,18/01/2023 16:05,0,19/01/2023 03:40
19/01/2023,1.027963523,1.15389105,2960.534945,0.827896395,0,2.863510221,6.5,0,1.487276176,19/01/2023 17:07,0,20/01/2023 05:29
20/01/2023,0.981220532,1.09838411,2825.915132,0.834407399,0,2.923267339,0.5,0,1.88874367,21/01/2023 16:05,0,21/01/2023 04:13
21/01/2023,1.252033475,1.574617362,3605.856408,0.972127505,0,3.604172033,24,2,2.155698975,21/01/2023 16:09,0,22/01/2023 04:36
22/01/2023,1.293067765,1.287409793,3724.035163,1.099006519,0,3.915194037,181,8.5,2.013377338,22/01/2023 16:17,0.055901898,23/01/2023 07:02
23/01/2023,1.025495212,1.20310091,2953.426211,0.820022323,0,2.996300384,4,0,2.197184038,23/01/2023 16:05,0,24/01/2023 03:23
24/01/2023,1.033305918,1.214578954,2975.921043,0.837814742,0,3.264640765,3,0,1.78479394,24/01/2023 16:16,0,25/01/2023 04:04
25/01/2023,0.924153483,0.970058622,2661.56203,0.899468903,0,3.789127851,31,0.5,2.516733455,25/01/2023 16:22,0,26/01/2023 03:38
26/01/2023,0.970620098,0.960113872,2795.385881,0.894038279,0,3.564339333,17.5,1.5,3.172308048,26/01/2023 16:05,0,27/01/2023 03:57
27/01/2023,1.332498045,1.341385058,3837.59437,1.190639236,0,4.630703011,279,22,2.609802738,27/01/2023 16:08,0.518098558,28/01/2023 07:13
28/01/2023,0.984289105,0.980003372,2834.752622,0.845646772,0,3.416432462,14,0.5,1.747865585,29/01/2023 16:05,0,29/01/2023 05:11
29/01/2023,1.065283861,0.685517818,3068.017519,1.241262739,0,4.609638477,224.5,67,2.422957898,29/01/2023 16:15,0,30/01/2023 03:25
30/01/2023,1.017023166,1.09838411,2929.026717,0.941879194,0,3.83511959,40,4,1.951156178,30/01/2023 16:36,0,31/01/2023 03:09
31/01/2023,1.216698532,1.31523541,3504.091773,0.953381934,0,4.058589993,58.5,9.5,2.280173464,31/01/2023 16:06,0,01/02/2023 04:42
01/02/2023,1.166191675,1.225761436,3358.632023,0.982148399,0,3.942485267,83,27.5,2.503203692,01/02/2023 16:25,0,02/02/2023 04:45
02/02/2023,1.214622161,1.225761436,3498.111823,1.119883227,0,3.628774004,205.5,6,3.07767665,02/02/2023 16:05,0,03/02/2023 04:25
03/02/2023,1.24888779,1.14066514,3596.796834,1.168094464,0,4.07961677,225,32,3.034344053,03/02/2023 16:05,0,04/02/2023 05:16
04/02/2023,1.069285308,1.034728698,3079.541688,1.056748673,0,3.723879087,135.5,3.5,2.306773461,04/02/2023 16:47,0,05/02/2023 04:16
05/02/2023,1.011958879,0.917374204,2914.441571,1.056213988,0,3.948045029,102,18.5,2.882616606,05/02/2023 16:43,0,06/02/2023 03:44
06/02/2023,1.382256133,1.385567129,3980.897663,1.248544824,0,5.05959295,250.5,60,3.594267659,06/02/2023 16:05,0,07/02/2023 04:14
07/02/2023,1.218799273,1.191311258,3510.141906,1.144027591,0,3.79141483,193,45,3.520059073,07/02/2023 16:13,0,08/02/2023 04:36
08/02/2023,1.19992811,1.119981871,3455.792958,1.182734259,0,4.474382809,229,25,3.316150606,08/02/2023 16:11,0,09/02/2023 03:51
09/02/2023,1.289290275,1.112939976,3713.155991,1.214224771,0,4.580922696,208,73,2.717290521,09/02/2023 16:06,0,10/02/2023 04:54
10/02/2023,1.028991152,0.84416641,2963.494518,1.103073464,0,4.236266373,146.5,14.5,3.241845204,10/02/2023 16:05,0.00283017,11/02/2023 03:43
11/02/2023,0.923642117,0.869964706,2660.089296,0.877694359,0,3.573556179,40.5,5.5,1.580036914,11/02/2023 17:48,0,12/02/2023 06:33
12/02/2023,1.039484714,1.14066514,2993.715977,0.896230769,0,3.710780576,75,13,2.033299165,13/02/2023 16:05,0,13/02/2023 06:01
13/02/2023,1.406092066,1.332842267,4049.54515,1.152555547,0,4.679184969,233,55,3.552930073,13/02/2023 16:15,0,14/02/2023 05:16
14/02/2023,1.444913457,1.252488283,4161.350757,1.330509672,0,4.954828026,309.5,162,3.842851808,14/02/2023 16:10,0.722904514,15/02/2023 07:15
15/02/2023,1.514039,1.214578954,4360.432321,0.949419113,0,4.399650708,229,36,2.762968853,15/02/2023 16:40,0,16/02/2023 05:33
16/02/2023,1.079567097,1.127023766,3109.15324,0.970487578,0,3.442935774,59,0.5,1.859983581,16/02/2023 16:44,0,17/02/2023 04:36
17/02/2023,1.08924001,1.225761436,3137.011228,0.971669104,0,4.039758245,16,3.5,2.040703143,17/02/2023 16:18,0,18/02/2023 03:34
18/02/2023,0.881012311,0.645422269,2537.315457,0.998256482,0,3.526708787,91.5,3,1.784177542,19/02/2023 16:05,0,19/02/2023 03:50
19/02/2023,1.088610713,1.166726056,3135.198854,0.967582295,0,3.620133972,26,3.5,2.335732727,19/02/2023 16:24,0,20/02/2023 03:45
20/02/2023,1.146238314,1.277723789,3301.166345,0.948016137,0,3.508442178,22,2,2.192368962,20/02/2023 16:20,0.018824115,21/02/2023 04:14
21/02/2023,1.192484202,1.36604921,3434.354503,0.969412921,0,4.4983231,40.5,11.5,2.391974869,21/02/2023 16:05,0,22/02/2023 04:04
22/02/2023,1.140526134,1.287409793,3284.715265,0.91280438,0,3.480621997,18,0.5,1.910464316,22/02/2023 16:05,0,23/02/2023 04:27
23/02/2023,1.101354891,1.179192603,3171.902087,1.004972353,0,4.1222185,41.5,12,2.193700545,23/02/2023 16:20,0.004142191,24/02/2023 08:26
24/02/2023,1.26965138,1.370009029,3656.595975,1.168620997,0,4.600045957,193.5,53.5,2.374995545,24/02/2023 16:11,0.275194371,25/02/2023 04:00
25/02/2023,0.917331197,0.869964706,2641.913849,0.972707618,0,3.877492286,73.5,7,2.836773372,25/02/2023 16:05,0,26/02/2023 05:29
26/02/2023,1.059534634,0.816738299,3051.459747,1.092557773,0,3.721488277,137.5,10,2.453399114,26/02/2023 16:06,0,27/02/2023 03:44
27/02/2023,1.036078853,1.083323418,2983.907098,0.904839711,0,4.121769883,25,13,3.098910421,27/02/2023 16:14,0,28/02/2023 04:19
28/02/2023,1.106858023,1.262747698,3187.751106,0.947191071,0,3.261805101,22,0,2.121378275,28/02/2023 16:14,0,01/03/2023 03:54
01/03/2023,1.048738586,1.191311258,3020.367127,0.866532867,0,3.25193981,10.5,0,1.88756651,01/03/2023 16:05,0,02/03/2023 03:56
02/03/2023,1.093531195,1.051538391,3149.369841,1.017088255,0,4.309330103,68.5,10.5,2.44005066,02/03/2023 16:05,0,03/03/2023 03:46
03/03/2023,1.211879609,0.84416641,3490.213275,1.239569989,0,3.81829717,268,20.5,2.842734049,03/03/2023 16:41,0.076877289,04/03/2023 02:59
04/03/2023,,1.034728698,,,,3.979286535,54,6.5,1.975700835,04/03/2023 16:08,6.29E-17,05/03/2023 02:38
05/03/2023,,,0,,,,0,0,,,,
06/03/2023,,,0,,,,0,0,,,,
07/03/2023,,,0,,,,0,0,,,,
08/03/2023,,,0,,,,0,0,,,,
09/03/2023,,,0,,,,0,0,,,,
10/03/2023,,,0,,,,0,0,,,,
11/03/2023,,,0,,,,0,0,,,,
12/03/2023,,,0,,,,0,0,,,,
13/03/2023,,,0,,,,0,0,,,,
14/03/2023,,,0,,,,0,0,,,,
15/03/2023,,,0,,,,0,0,,,,
16/03/2023,,,0,,,,0,0,,,,
17/03/2023,,,0,,,,0,0,,,,
18/03/2023,,,0,,,,0,0,,,,
19/03/2023,,,0,,,,0,0,,,,
20/03/2023,,,0,,,,0,0,,,,
21/03/2023,,,0,,,,0,0,,,,
22/03/2023,,,0,,,,0,0,,,,
23/03/2023,,,0,,,,0,0,,,,
24/03/2023,,,0,,,,0,0,,,,
25/03/2023,,,0,,,,0,0,,,,
26/03/2023,,,0,,,,0,0,,,,
27/03/2023,,,0,,,,0,0,,,,
28/03/2023,,,0,,,,0,0,,,,
29/03/2023,,,0,,,,0,0,,,,
30/03/2023,,,0,,,,0,0,,,,
31/03/2023,,,0,,,,0,0,,,,
01/04/2023,,,0,,,,0,0,,,,
02/04/2023,,,0,,,,0,0,,,,
03/04/2023,,,0,,,,0,0,,,,
04/04/2023,,,0,,,,0,0,,,,
05/04/2023,,,0,,,,0,0,,,,
06/04/2023,,,0,,,,0,0,,,,
07/04/2023,,,0,,,,0,0,,,,
08/04/2023,,,0,,,,0,0,,,,
09/04/2023,,,0,,,,0,0,,,,
10/04/2023,,,0,,,,0,0,,,,
11/04/2023,,,0,,,,0,0,,,,
12/04/2023,,,0,,,,0,0,,,,
13/04/2023,,,0,,,,0,0,,,,
14/04/2023,,,0,,,,0,0,,,,
15/04/2023,,,0,,,,0,0,,,,
16/04/2023,,,0,,,,0,0,,,,
17/04/2023,,,0,,,,0,0,2.853480394,18/04/2023 10:01,1.988960752,18/04/2023 11:15
18/04/2023,1.683133354,1.854533759,2825.980902,0.909636415,0,5.126322689,69,22.5,2.161530339,18/04/2023 16:44,0,19/04/2023 04:44
19/04/2023,1.261572793,1.267816822,3633.329645,1.053039375,0,4.61948767,103.5,18.5,2.247237189,19/04/2023 16:06,0,20/04/2023 04:08
20/04/2023,1.041399604,0.787460475,2999.230858,1.06460133,0,4.124231564,144.5,26,2.917063396,20/04/2023 16:37,0,21/04/2023 05:48
21/04/2023,1.227859078,1.373968849,3536.234145,1.090562727,0,4.226193514,120.5,6.5,2.547079206,21/04/2023 18:36,0,22/04/2023 06:12
22/04/2023,1.277274677,0,3678.551069,1.478673604,0,4.80497946,377,128.5,3.104153325,22/04/2023 16:18,0,23/04/2023 03:55
23/04/2023,1.498466204,0.939269586,4315.582667,1.554519141,0,4.608450935,511.5,207,3.009493371,23/04/2023 16:57,0,24/04/2023 03:47
24/04/2023,1.179151763,1.373968849,3395.957077,0.969507172,0,3.450370755,23,0.5,2.195396586,24/04/2023 16:09,0,25/04/2023 04:41
25/04/2023,1.233163834,1.436010107,3551.511843,1.182833248,0,4.836763695,192.5,25,2.779639486,25/04/2023 16:06,0,26/04/2023 04:47
26/04/2023,1.161394693,1.389387607,3344.816715,1.0335436,0,5.136875871,58.5,24.5,2.131134013,26/04/2023 16:48,0,27/04/2023 05:07
27/04/2023,1.156833103,1.112939976,3331.679337,1.167280529,0,5.165366315,133,48.5,2.691910048,27/04/2023 16:22,0,28/04/2023 04:11
28/04/2023,1.055911582,1.20310091,3041.025356,1.002166451,0,3.763782772,37.5,2.5,2.324081728,28/04/2023 16:05,0,29/04/2023 03:59
29/04/2023,1.406397106,0.722222464,4050.423666,1.496113298,0,5.2218874,395,134,3.505434995,29/04/2023 16:24,0.006271498,30/04/2023 04:44
30/04/2023,1.106538786,1.220170195,3186.831704,1.077228959,0,4.300163148,89,22,2.467963504,30/04/2023 17:43,0,01/05/2023 03:45
01/05/2023,1.297005636,1.282566791,3735.376231,1.267569761,0,4.992071285,271,70.5,2.522192028,01/05/2023 19:22,0,02/05/2023 05:35
02/05/2023,1.057964507,0.432969291,3046.937781,1.187240584,0,4.026058672,185,29.5,2.529608826,02/05/2023 16:55,0,03/05/2023 05:20
03/05/2023,1.268448379,0.685517818,3653.131332,1.365763568,0,4.377152472,359,73,2.951983137,03/05/2023 16:05,0,04/05/2023 04:36
04/05/2023,1.269417453,1.017242126,3655.922263,1.312104392,0,4.651439681,304,80.5,3.908919632,04/05/2023 16:05,0.04501484,05/05/2023 04:39
05/05/2023,1.353885484,0.960113872,3899.190194,1.392394827,0,5.082541954,366.5,107.5,3.106319262,05/05/2023 16:33,0,06/05/2023 05:45
06/05/2023,0.924256338,0,2661.858252,1.08737683,0,3.834685142,119,12,2.339019374,06/05/2023 16:06,0.00044724,07/05/2023 08:55
07/05/2023,1.022610122,0,2945.11715,1.211528707,0,4.484891785,148.5,45,2.340241951,07/05/2023 20:16,0,07/05/2023 16:05
08/05/2023,0.579675888,0,1669.466559,1.141867512,0,3.944768324,159,43.5,0,08/05/2023 16:05,0,08/05/2023 16:05
09/05/2023,0,0,0,0,0,0,0,0,0,09/05/2023 16:05,0,09/05/2023 16:05
10/05/2023,0,0,0,0,0,0,0,0,1.378231323,11/05/2023 16:05,0,10/05/2023 16:05
11/05/2023,0.999805925,0,2879.441064,1.257145631,0,4.834932145,190.5,78,2.517332144,11/05/2023 18:25,0,12/05/2023 03:33
12/05/2023,1.402038623,1.083323418,4037.871235,1.452812344,0,5.214291625,331.5,177.5,2.625426225,12/05/2023 16:06,0,13/05/2023 03:37
13/05/2023,1.555009179,1.849303958,4478.426435,1.369063245,0,4.555661564,423,100.5,2.697290788,13/05/2023 17:28,0.007366819,14/05/2023 04:01
14/05/2023,1.672145072,1.888226991,4514.791693,1.300173119,0,4.170443025,353,133.5,3.220671533,14/05/2023 16:25,1.089581838,15/05/2023 01:24
15/05/2023,1.933038988,2.200706895,3883.475326,1.069261018,0,4.227954542,281.5,44,2.781432259,15/05/2023 16:05,0,16/05/2023 03:29
16/05/2023,0.66960931,0,723.1780547,1.151481013,0,4.117937807,51.5,14,,,,
17/05/2023,,,0,,,,0,0,,,,
18/05/2023,,,0,,,,0,0,,,,
19/05/2023,,,0,,,,0,0,,,,
20/05/2023,,,0,,,,0,0,,,,
21/05/2023,,,0,,,,0,0,,,,
22/05/2023,,,0,,,,0,0,,,,
23/05/2023,,,0,,,,0,0,,,,
24/05/2023,,,0,,,,0,0,,,,
25/05/2023,,,0,,,,0,0,,,,
26/05/2023,,,0,,,,0,0,,,,
27/05/2023,,,0,,,,0,0,,,,
28/05/2023,,,0,,,,0,0,,,,
29/05/2023,,,0,,,,0,0,,,,
30/05/2023,,,0,,,,0,0,,,,
31/05/2023,,,0,,,,0,0,,,,
01/06/2023,,,0,,,,0,0,,,,
02/06/2023,,,0,,,,0,0,,,,
03/06/2023,,,0,,,,0,0,,,,
04/06/2023,,,0,,,,0,0,,,,
05/06/2023,,,0,,,,0,0,,,,
06/06/2023,,,0,,,,0,0,,,,
07/06/2023,,,0,,,,0,0,,,,
08/06/2023,,,0,,,,0,0,,,,
09/06/2023,,,0,,,,0,0,,,,
10/06/2023,,,0,,,,0,0,,,,
11/06/2023,,,0,,,,0,0,,,,
12/06/2023,,,0,,,,0,0,,,,
13/06/2023,,,0,,,,0,0,,,,
14/06/2023,,,0,,,,0,0,,,,
15/06/2023,,,0,,,,0,0,,,,
16/06/2023,,,0,,,,0,0,,,,
17/06/2023,,,0,,,,0,0,,,,
18/06/2023,,,0,,,,0,0,,,,
19/06/2023,,,0,,,,0,0,,,,
20/06/2023,,,0,,,,0,0,,,,
21/06/2023,,,0,,,,0,0,,,,
22/06/2023,,,0,,,,0,0,,,,
23/06/2023,,,0,,,,0,0,,,,
24/06/2023,,,0,,,,0,0,,,,
25/06/2023,,,0,,,,0,0,,,,
26/06/2023,,,0,,,,0,0,,,,
27/06/2023,,,0,,,,0,0,,,,
28/06/2023,,,0,,,,0,0,2.949122103,29/06/2023 13:35,0,29/06/2023 13:12
29/06/2023,,1.966751664,,,,4.417167996,94,36,3.25149986,29/06/2023 16:28,0,30/06/2023 05:14
30/06/2023,1.28514489,1.50242712,3701.217282,0.971695572,0,4.881596046,54.5,30.5,2.300104221,01/07/2023 16:05,0.053588464,01/07/2023 04:55
01/07/2023,1.459139096,1.552059534,4202.320596,1.228373816,0,4.601635478,223,131,2.066478128,01/07/2023 19:56,0,02/07/2023 04:15
02/07/2023,1.358692669,1.33825723,3913.034887,1.19973638,0,4.753871574,217,79,2.227383773,03/07/2023 16:05,0,03/07/2023 04:38
03/07/2023,1.54776665,1.559032234,4457.567953,1.296169834,0,4.820904828,380.5,92.5,3.336144783,03/07/2023 16:27,0,04/07/2023 04:25
04/07/2023,1.217996117,0.778513012,3507.828818,1.265847179,0,3.957831319,297,42,3.119689637,04/07/2023 16:05,0,05/07/2023 04:17
05/07/2023,1.455095578,1.598703346,4190.675266,1.305159645,0,4.196489008,312.5,101,2.428585155,05/07/2023 19:40,0,06/07/2023 04:19
06/07/2023,1.446967259,1.421768401,4167.265707,1.310412157,0,4.639132933,304,128,2.965594076,06/07/2023 17:37,0,07/07/2023 04:42
07/07/2023,1.633352481,1.887786035,4704.055145,1.367615769,0,4.429232753,439,134,3.601800785,07/07/2023 16:05,0,08/07/2023 04:46
08/07/2023,1.401774497,1.280919663,4037.110553,1.344642399,0,4.911916561,331,145,3.546116426,08/07/2023 16:05,0,09/07/2023 04:43
09/07/2023,1.361724527,1.353339095,3921.766636,1.296290184,0,4.520275179,289,117.5,2.719506278,09/07/2023 19:08,0,10/07/2023 04:35
10/07/2023,1.457772285,1.561339941,4198.384181,1.305745831,0,4.106004488,368.5,50,3.539442459,10/07/2023 16:05,0,11/07/2023 05:10
11/07/2023,1.483993913,1.704708047,4273.902468,1.356878161,0,4.250803379,358,106,2.958482654,11/07/2023 16:05,0,12/07/2023 05:15
12/07/2023,1.475741535,1.556724526,4250.13562,1.339474768,0,4.213180816,376,107,2.942973813,12/07/2023 16:13,0,13/07/2023 05:50
13/07/2023,1.561455897,1.745621221,4496.992984,1.349204158,0,4.231929128,408.5,93.5,3.850720811,13/07/2023 16:12,0,14/07/2023 05:45
14/07/2023,1.042561317,0.649821463,3002.576593,1.09254856,0,3.593319303,71,1,2.1033489,14/07/2023 17:52,0,15/07/2023 03:33
15/07/2023,1.022656505,1.041787319,2945.250735,0.979772768,0,4.891419251,59,21,1.855846047,15/07/2023 19:25,0,16/07/2023 03:51
16/07/2023,1.055801607,1.010299957,3040.708627,1.021276707,0,5.192725477,76,49.5,1.754953357,16/07/2023 16:11,0,17/07/2023 05:25
17/07/2023,,0.958324932,,,,4.390135694,62,31.5,2.143786339,17/07/2023 17:09,0,18/07/2023 04:41
18/07/2023,1.043162482,0.749736316,3004.307947,1.210577098,0,5.162523185,143,99.5,2.476215531,18/07/2023 16:05,0,19/07/2023 04:59
19/07/2023,1.097356603,0.939519253,3160.387017,1.197872455,0,4.651139755,129.5,107.5,3.906657141,19/07/2023 16:05,0,20/07/2023 04:32
20/07/2023,1.437904003,1.399011579,4141.163527,1.380700616,0,4.608114221,288,197.5,3.364677618,20/07/2023 17:42,0,21/07/2023 03:42
21/07/2023,1.101413701,1.010299957,3172.071459,1.136650613,0,4.776997246,109,40.5,2.076577889,21/07/2023 16:35,0,22/07/2023 05:56
22/07/2023,1.289527672,1.010299957,3713.839695,1.319943649,0,5.002344928,216,81.5,2.877744549,22/07/2023 16:14,0,23/07/2023 03:22
23/07/2023,1.076962853,0.854913022,3101.653018,1.176249482,0,5.164968463,117.5,58.5,3.085471895,23/07/2023 16:49,0,24/07/2023 04:30
24/07/2023,1.19017691,1.234770295,3427.709502,1.165783699,0,4.784344793,182,28,2.190043134,24/07/2023 17:34,0,25/07/2023 07:39
25/07/2023,1.052269242,0.610660163,3030.535417,1.14191528,0,4.400470984,165,35,3.571661993,25/07/2023 16:05,0,26/07/2023 04:43
26/07/2023,1.038283738,0.519827994,2990.257165,1.167634445,0,4.726353865,151,43,2.641549415,26/07/2023 16:14,0,27/07/2023 05:40
27/07/2023,1.107532833,0.685741739,3189.694558,1.22736381,0,4.605318624,192.5,58,2.361432232,27/07/2023 19:44,0,28/07/2023 04:31
28/07/2023,0.533379784,0,1536.133779,1.097746004,0,4.170905637,115,53,0,28/07/2023 16:05,0,28/07/2023 16:05
29/07/2023,0,0,0,0,0,0,0,0,0,29/07/2023 16:05,0,29/07/2023 16:05
30/07/2023,0,0,0,0,0,0,0,0,0,30/07/2023 16:05,0,30/07/2023 16:05
31/07/2023,,0,,,,0,0,0,0,31/07/2023 16:05,0,31/07/2023 16:05
01/08/2023,,,0,,,,0,0,,,,
02/08/2023,,,0,,,,0,0,,,,
03/08/2023,,,0,,,,0,0,,,,
04/08/2023,,,0,,,,0,0,,,,
05/08/2023,,,0,,,,0,0,,,,
06/08/2023,,,0,,,,0,0,,,,
07/08/2023,,,0,,,,0,0,,,,
08/08/2023,,,0,,,,0,0,,,,
09/08/2023,,,0,,,,0,0,,,,
10/08/2023,,,0,,,,0,0,,,,
11/08/2023,,,0,,,,0,0,,,,
12/08/2023,,,0,,,,0,0,,,,
13/08/2023,,,0,,,,0,0,,,,
14/08/2023,,,0,,,,0,0,,,,
15/08/2023,,,0,,,,0,0,2.291537232,16/08/2023 12:11,1.548545555,16/08/2023 12:01
16/08/2023,1.6661427,1.771844601,2397.579345,1.040312719,0,5.07239329,109.5,29.5,2.188790803,16/08/2023 16:56,0,17/08/2023 04:10
17/08/2023,0.637686018,0,1836.535731,1.006122256,0,4.072352851,44.5,6,0,17/08/2023 16:05,0,17/08/2023 16:05
18/08/2023,,0,,,,0,0,0,,,,
19/08/2023,,,0,,,,0,0,,,,
20/08/2023,,,0,,,,0,0,,,,
21/08/2023,,,0,,,,0,0,2.245647491,22/08/2023 13:02,1.90935384,22/08/2023 13:11
22/08/2023,1.686410518,1.7177121,2224.375473,0.83385094,0,4.943042278,50,30.5,2.381626895,22/08/2023 18:20,0,23/08/2023 04:11
23/08/2023,1.270794079,1.491781776,3659.886946,0.969562358,0,4.927912226,40.5,14.5,2.159316507,23/08/2023 18:18,0.046581122,24/08/2023 04:53
24/08/2023,1.262114126,1.466821188,3634.888682,1.011234262,0,4.289152655,64.5,29.5,2.090827154,24/08/2023 16:11,0,25/08/2023 04:14
25/08/2023,1.242899478,1.469674773,3579.550496,0.97812847,0,4.180588608,46,7,2.158825688,25/08/2023 16:08,0,26/08/2023 03:35
26/08/2023,1.24213963,1.600809596,3577.362135,0.911217259,0,3.724161135,29.5,1.5,2.275534996,26/08/2023 16:06,0,27/08/2023 03:56
27/08/2023,1.224246405,1.253822439,3525.829648,1.172156221,0,4.296682298,168.5,45.5,2.930863172,27/08/2023 16:07,0,28/08/2023 04:38
28/08/2023,1.15799765,1.446381812,3335.033231,0.947055464,0,4.097325347,29.5,6.5,2.285250024,28/08/2023 18:32,0,29/08/2023 02:44
29/08/2023,1.235137142,1.415390738,3557.194968,0.998859687,0,3.712649702,72,5.5,2.774250589,29/08/2023 16:27,0,30/08/2023 03:53
30/08/2023,1.212598012,1.458184436,3492.282275,0.932366828,0,3.782205946,53.5,3,2.376565154,30/08/2023 16:12,0,31/08/2023 04:12
31/08/2023,1.32889504,1.574898989,3827.217716,0.961639599,0,4.626373837,68,20.5,2.858483474,31/08/2023 16:19,0.002710286,01/09/2023 05:20
01/09/2023,,1.446381812,,,,4.66714856,149.5,11,2.176957082,01/09/2023 19:12,0,02/09/2023 05:48
02/09/2023,1.508351616,1.452323217,4344.052655,1.352565196,0,5.087295403,322.5,153.5,4.8388423,02/09/2023 16:11,0,03/09/2023 04:24
03/09/2023,1.180914809,0.685741739,3401.03465,1.30827791,0,4.695048041,217,102,2.62852888,03/09/2023 19:36,0,04/09/2023 04:30
04/09/2023,1.464549817,1.563623382,4217.903472,1.308969507,0,4.181734429,342.5,62.5,2.992477945,04/09/2023 18:20,0,05/09/2023 04:12
05/09/2023,1.617989077,1.725643393,4659.808543,1.320247826,0,4.50013489,416,87.5,3.780213588,05/09/2023 16:05,0,06/09/2023 05:20
06/09/2023,1.538481349,1.657697183,4430.826285,1.329876981,0,4.949536081,413.5,61,3.128111583,06/09/2023 16:05,0.07365448,07/09/2023 04:17
07/09/2023,1.436639082,1.469674773,4137.520557,1.241234285,0,3.993201604,343,30.5,3.221071928,07/09/2023 16:06,0,08/09/2023 05:31
08/09/2023,1.536162084,1.668591856,4424.146803,1.263283594,0,4.236143094,264.5,160.5,3.778677332,08/09/2023 16:07,0,09/09/2023 05:40
09/09/2023,1.416234913,1.172018809,4078.75655,1.26037885,0,4.488716788,295,124,3.651563864,09/09/2023 16:08,0.145674099,10/09/2023 06:27
10/09/2023,1.414817973,1.33825723,4074.675761,1.21489229,0,4.993874713,264,88.5,3.295094451,10/09/2023 16:07,0,11/09/2023 04:51
11/09/2023,1.417460991,1.491781776,4082.287653,1.265575244,0,4.467316505,307.5,59.5,3.596379344,11/09/2023 16:05,0,12/09/2023 04:26
12/09/2023,1.4073701,1.455253826,4053.225889,1.265172048,0,3.873410126,324.5,35,3.202833724,12/09/2023 16:06,0.002195585,13/09/2023 04:22
13/09/2023,1.389972446,1.280919663,4003.120643,1.209261987,0,4.023949241,243.5,80,2.826904831,13/09/2023 16:05,0,14/09/2023 07:46
14/09/2023,1.279263258,1.367914739,3684.278182,1.081446524,0,4.073370776,126,18.5,3.013009839,14/09/2023 16:06,0,15/09/2023 04:47
15/09/2023,1.316723106,1.507653513,3792.162546,1.037877983,0,4.704593169,100,15.5,2.969570443,15/09/2023 16:08,0,16/09/2023 04:02
16/09/2023,1.432222524,1.263043983,4124.80087,1.278246912,0,4.833459997,353.5,90.5,3.141525147,16/09/2023 17:23,0,17/09/2023 03:53
17/09/2023,1.289052552,1.507653513,3712.471349,1.027250475,0,4.882736568,68.5,7.5,2.548929553,17/09/2023 16:09,0,18/09/2023 04:06
18/09/2023,,1.263043983,,,,4.278858733,60.5,26.5,1.970789545,18/09/2023 16:08,0,19/09/2023 03:45
19/09/2023,1.178514652,1.334386231,3394.122197,0.922702768,0,5.07503463,57,16,1.82486172,20/09/2023 16:05,0.022570986,20/09/2023 04:39
20/09/2023,1.194135319,1.388900108,3439.109718,1.003931414,0,4.180720973,57.5,19.5,2.379445045,20/09/2023 17:39,0,21/09/2023 03:34
21/09/2023,1.198840191,1.367914739,3452.659749,0.944883269,0,5.008442179,33,11,2.26904571,21/09/2023 16:05,0,22/09/2023 04:34
22/09/2023,1.175162911,1.345863629,3384.469183,0.963089952,0,3.962959944,62,15.5,2.429065584,22/09/2023 16:05,0,23/09/2023 04:08
23/09/2023,1.261587285,1.224921346,3633.37138,1.108996991,0,4.668829304,163,39,2.786056606,23/09/2023 16:37,0,24/09/2023 05:49
24/09/2023,1.055973897,1.010299957,3041.204823,1.055549477,0,4.685288403,129.5,29,2.258623298,24/09/2023 18:29,0,25/09/2023 03:55
25/09/2023,1.223129091,1.388900108,3522.611783,1.050325983,0,4.683129564,87,29.5,2.146105136,25/09/2023 16:05,0.001710548,26/09/2023 06:26
26/09/2023,1.020442936,0.993656629,2938.875656,0.925947471,0,4.593509583,68.5,14,1.669143095,26/09/2023 16:08,0,27/09/2023 04:39
27/09/2023,1.024192915,0.958324932,2949.675596,0.96856544,0,4.391386821,94,28,4.315585394,27/09/2023 16:05,0.003359219,28/09/2023 06:24
28/09/2023,0.899810202,0.877659244,2591.453381,0.831864248,0,3.954279182,23.5,2.5,2.074729162,28/09/2023 16:15,0.008711486,29/09/2023 05:49
29/09/2023,1.150540696,1.330515232,3313.557205,0.980618237,0,3.884981046,76,34.5,3.126905176,29/09/2023 16:27,0.031972664,30/09/2023 06:01
30/09/2023,0.896983924,0.567614443,2583.313702,1.070749066,0,4.841424172,136,35,1.284401471,01/10/2023 16:05,0,01/10/2023 05:47
01/10/2023,1.060604197,1.010299957,3054.540087,1.013903435,0,3.576801896,59.5,2,2.264995817,01/10/2023 16:15,0,02/10/2023 05:48
02/10/2023,1.326329087,1.272073788,3819.827771,1.202368387,0,4.209728356,300.5,32.5,3.361987391,02/10/2023 16:05,0,03/10/2023 04:35
03/10/2023,1.260289163,1.154764783,3629.632789,1.268452247,0,4.729606962,265,82,3.799749668,03/10/2023 16:08,0,04/10/2023 03:57
04/10/2023,1.36592778,1.214843848,3933.872008,1.378473747,0,5.108325487,309,137.5,3.652358873,04/10/2023 16:14,0,05/10/2023 04:46
05/10/2023,1.055102398,0.702329212,3038.694906,1.164762757,0,4.010188824,183,30,3.134701226,05/10/2023 16:52,0,06/10/2023 03:43
06/10/2023,0.868813166,0.749736316,2502.181917,0.880606463,0,3.596548716,18,2.5,1.42081957,07/10/2023 16:05,0,07/10/2023 04:32
07/10/2023,0.9216019,0,2654.213471,1.134500411,0,4.57262001,136.5,26,2.254623957,07/10/2023 16:37,0,08/10/2023 05:15
08/10/2023,1.001478071,0,2884.256844,1.215857597,0,4.741435886,175.5,55,2.635645483,08/10/2023 16:31,0,09/10/2023 04:52
09/10/2023,1.329212368,1.183127429,3828.13162,1.319177907,0,4.870960873,301,102.5,3.595191889,09/10/2023 16:05,0,10/10/2023 04:32
10/10/2023,1.313514889,1.160618572,3782.922881,1.244754937,0,4.728146083,260,42.5,2.872400316,10/10/2023 16:06,0,11/10/2023 04:39
11/10/2023,1.200689575,0.749736316,3457.985976,1.277301669,0,3.994354948,272,62,3.014279251,11/10/2023 16:13,0,12/10/2023 04:54
12/10/2023,1.056249569,0.29071027,3041.99876,1.180245147,0,3.850245446,133.5,20.5,2.670429054,12/10/2023 16:05,0,13/10/2023 05:23
13/10/2023,0.749883528,0.333447274,2159.664559,0.850734292,0,3.384428688,10.5,0,2.248782214,13/10/2023 16:05,0,14/10/2023 03:28
14/10/2023,1.130790785,0.567614443,3256.67746,1.265864815,0,4.430202486,259.5,47,2.515095342,14/10/2023 17:08,0,15/10/2023 03:37
15/10/2023,1.246993071,1.142895016,3591.340044,1.148887916,0,4.777723115,176.5,45.5,2.29783672,15/10/2023 17:14,0.027752341,16/10/2023 04:00
16/10/2023,0.954982368,0.877659244,2750.34922,0.963576197,0,4.328049169,48.5,9.5,2.39525008,16/10/2023 16:43,0,17/10/2023 02:07
17/10/2023,,1.183127429,,,,4.682768712,24.5,9,2.141577883,17/10/2023 16:15,0,18/10/2023 04:42
18/10/2023,1.065906511,1.314604473,3069.810751,0.827775096,0,3.194050662,7,0,2.008046306,18/10/2023 16:05,0,19/10/2023 04:31
19/10/2023,1.123431529,1.214843848,3235.482802,0.932235726,0,4.035626627,61,19.5,1.763619753,19/10/2023 16:07,0,20/10/2023 05:06
20/10/2023,0.987542953,1.172018809,2844.123706,0.928531389,0,3.681208664,31.5,9,2.100793135,21/10/2023 16:05,0,21/10/2023 03:16
21/10/2023,1.223680472,0.899273187,3524.199759,1.239824265,0,5.077369359,270,38,2.97331262,21/10/2023 16:05,0,22/10/2023 04:10
22/10/2023,1.287370524,1.026328939,3707.62711,1.283273322,0,4.842300132,311.5,53,3.085714468,22/10/2023 16:43,0,23/10/2023 03:22
23/10/2023,1.137580193,1.388900108,3276.230954,0.869857848,0,4.246881497,20,6,2.229538888,23/10/2023 16:42,0,24/10/2023 05:00
24/10/2023,0.900367886,1.026328939,2593.059511,0.830870888,0,2.812986846,1.5,0,2.061998773,24/10/2023 16:05,0,25/10/2023 03:13
25/10/2023,1.09492069,1.280919663,3153.371586,0.818247542,0,2.724583045,0.5,0,2.000557421,25/10/2023 16:05,0,26/10/2023 04:11
26/10/2023,1.064372609,1.289588953,3065.393114,0.949399802,0,3.900225072,50,3,2.278801507,26/10/2023 16:05,0,27/10/2023 03:09
27/10/2023,1.138573427,1.280919663,3279.091471,0.894525204,0,4.500684264,19.5,12.5,2.040011025,27/10/2023 17:43,0,28/10/2023 04:44
28/10/2023,1.260998637,1.085112113,3631.676075,1.30955552,0,4.386305586,332,61,3.113476688,28/10/2023 16:16,0,29/10/2023 04:02
29/10/2023,0.959040313,0.718916686,2762.036101,1.053983882,0,3.961646963,120,29.5,2.335754734,29/10/2023 16:12,0,30/10/2023 03:05
30/10/2023,,1.183127429,,,,3.051526819,12.5,0,1.812311609,30/10/2023 16:05,0.000910472,31/10/2023 04:28
31/10/2023,0.922077919,1.010299957,2655.584406,0.89863853,0,3.823873127,10,5,1.721955983,31/10/2023 16:07,0,01/11/2023 03:33
01/11/2023,1.033383067,0.877659244,2976.143233,1.121922876,0,4.404257809,171.5,40.5,1.831066755,01/11/2023 16:18,0,02/11/2023 04:11
02/11/2023,0.985422695,0.685741739,2838.017362,1.032565881,0,3.433932964,72,0.5,2.366927007,02/11/2023 16:05,0,03/11/2023 04:29
03/11/2023,1.216715837,1.148910993,3504.141612,1.179650923,0,4.973843618,190.5,25,2.593915199,03/11/2023 16:52,0,04/11/2023 05:12
04/11/2023,0.93832428,0.993656629,2702.373928,0.860152249,0,4.163992182,29,7,1.80425787,05/11/2023 16:05,0,05/11/2023 05:32
05/11/2023,1.178236138,1.010299957,3393.320078,1.240858143,0,4.869554269,196,82,2.147551048,05/11/2023 16:28,0,06/11/2023 04:08
06/11/2023,1.150539867,1.172018809,3313.554816,1.044591661,0,4.24123858,123,19,2.363843148,06/11/2023 16:35,0,07/11/2023 04:49
07/11/2023,1.239574246,1.05671433,3569.973828,1.168191097,0,4.918364741,202.5,33,2.386732022,07/11/2023 16:11,0,08/11/2023 04:31
08/11/2023,1.216437625,1.239585564,3503.34036,1.101609137,0,3.357532748,174,0,3.138080083,08/11/2023 16:06,0,09/11/2023 04:46
09/11/2023,1.178891958,1.07114529,3395.20884,1.098369212,0,3.45154697,176.5,0.5,2.82810635,09/11/2023 16:23,0,10/11/2023 06:44
10/11/2023,1.193015051,1.172018809,3435.883346,1.130525842,0,3.945572961,151,17.5,2.381846093,10/11/2023 16:16,0,11/11/2023 04:46
11/11/2023,0.915585781,0.778513012,2636.88705,0.944974105,0,3.79739774,65,3,2.985756448,11/11/2023 16:05,0,12/11/2023 06:26
12/11/2023,0.949238945,0.993656629,2733.808163,0.910070339,0,3.739049928,52,3.5,1.907801516,13/11/2023 16:05,0,13/11/2023 04:05
13/11/2023,1.246321005,1.124504225,3589.404494,1.173576876,0,4.300415469,237.5,42.5,3.057426453,13/11/2023 16:05,0.000946024,14/11/2023 05:52
14/11/2023,1.1509675,1.160618572,3314.7864,1.032637,0,3.944434305,121,17,2.07967187,14/11/2023 16:07,0,15/11/2023 04:00
15/11/2023,0.988482287,0.899273187,2846.828986,0.892657625,0,4.005327255,55.5,7.5,2.383833312,15/11/2023 16:05,0,16/11/2023 05:00
16/11/2023,0.958347425,1.026328939,2760.040583,0.845656059,0,3.2804691,8,0,1.860214806,16/11/2023 16:13,0,17/11/2023 03:19
17/11/2023,0.976425413,1.098643726,2812.105188,0.807561468,0,3.333229569,5.5,0,2.17398951,17/11/2023 16:22,0,18/11/2023 04:01
18/11/2023,1.232578847,1.491781776,3549.827078,0.940806794,0,3.264761172,29.5,0,2.005398904,19/11/2023 16:05,0,19/11/2023 04:37
19/11/2023,1.183676296,0.778513012,3408.987731,1.279518626,0,4.881253378,275,81.5,2.316225472,19/11/2023 16:12,0,20/11/2023 04:19
20/11/2023,0.961523633,1.111766433,2769.188062,0.843645894,0,3.184863128,8.5,0,1.69985239,20/11/2023 18:03,0,21/11/2023 04:31
21/11/2023,,1.172018809,,,,4.073144776,19.5,3.5,2.147244325,21/11/2023 16:13,0.119665498,22/11/2023 04:03
22/11/2023,1.109551769,1.395675785,3195.509096,0.883482255,0,3.15770452,5,0,1.75659524,22/11/2023 16:15,0,23/11/2023 04:47
23/11/2023,0.970725671,1.085112113,2795.689934,0.873566255,0,3.989928346,21,5.5,1.729715417,23/11/2023 16:23,0,24/11/2023 04:04
24/11/2023,0.99885177,1.111766433,2876.693096,0.851075909,0,4.268567208,7.5,5.5,1.792777486,25/11/2023 16:05,0,25/11/2023 04:24
25/11/2023,0.97441309,0.519827994,2806.3097,1.163046841,0,4.654812784,203,26,2.135272567,25/11/2023 16:05,0,26/11/2023 03:15
26/11/2023,0.874334034,0,2518.082019,1.014987674,0,3.809387309,68,1.5,1.592343335,26/11/2023 16:05,0.023063661,27/11/2023 07:54
27/11/2023,0.993113517,1.160618572,2860.166928,0.783934914,0,3.066128304,5.5,0,1.916242121,27/11/2023 16:08,0,28/11/2023 05:30
28/11/2023,0.95353704,1.026328939,2746.186675,0.868230232,0,3.025361173,4,0,1.467866165,28/11/2023 19:31,0,28/11/2023 16:05
29/11/2023,0.920516344,0.877659244,2651.087072,0.881812402,0,3.324447086,8.5,0,1.982573879,29/11/2023 16:48,0,30/11/2023 04:04
30/11/2023,0.832190587,0.649821463,2396.70889,0.856382291,0,2.886403293,4.5,0,1.995712826,30/11/2023 16:18,0.00023575,01/12/2023 04:12
01/12/2023,0.96737107,1.07114529,2786.028682,0.841482356,0,2.59474051,0,0,1.784266558,01/12/2023 16:07,0.002805936,02/12/2023 04:21
02/12/2023,0.941338289,0.610660163,2711.054273,1.072998031,0,4.229373094,146.5,31,0.927869295,02/12/2023 18:00,0,03/12/2023 04:56
03/12/2023,0.509634514,0,1467.747402,0.721565045,0,3.112909839,5,0,1.614680579,04/12/2023 16:05,0,03/12/2023 16:05
04/12/2023,1.02479217,0.899273187,2951.401449,0.982462191,0,2.979841902,28,0,2.244105218,04/12/2023 16:06,0,05/12/2023 05:20
05/12/2023,1.020779916,0.649821463,2939.846159,1.081989627,0,3.682877612,118,2,2.723493026,05/12/2023 16:10,0,06/12/2023 05:14
06/12/2023,1.010763432,0.778513012,2910.998685,1.0784641,0,4.325559583,142,18.5,1.83902935,06/12/2023 16:07,0,07/12/2023 04:58
07/12/2023,1.160712592,1.124504225,3342.852266,1.054381981,0,3.540214315,78,0.5,2.364044179,07/12/2023 16:05,0.003094021,08/12/2023 05:44
08/12/2023,1.05881959,0.685741739,3049.400419,1.146942997,0,3.66848283,192.5,8.5,2.281466939,08/12/2023 16:07,0,09/12/2023 06:09
09/12/2023,0.713231635,0,2054.107108,0.877016919,0,3.953684275,30,2,1.995759392,09/12/2023 16:25,0,10/12/2023 05:45
10/12/2023,0.587726739,0,1692.653009,0.810727211,0,2.983678147,7,0,1.59766265,11/12/2023 16:05,0,10/12/2023 16:05
11/12/2023,1.041812299,0.749736316,3000.419422,1.084535856,0,3.622831339,123,11.5,2.275986906,11/12/2023 16:09,0,12/12/2023 04:59
12/12/2023,0.845611994,0.247973266,2435.362544,1.010351063,0,3.406620219,75.5,0.5,1.703926518,13/12/2023 16:05,0,13/12/2023 05:27
13/12/2023,1.071938533,0.877659244,3087.182974,1.054536137,0,3.020603641,54,0,2.108782843,13/12/2023 17:27,0,14/12/2023 05:47
14/12/2023,0.741766659,0.141449773,2136.287977,0.891901589,0,3.285350238,11,0,1.938560143,14/12/2023 16:10,0,15/12/2023 04:38
15/12/2023,,0.404833717,,,,3.033021445,6,0,2.272000993,15/12/2023 16:06,0,16/12/2023 04:33
16/12/2023,1.021057986,0.141449773,2940.646999,1.240519997,0,4.67124562,259,21,1.538724172,17/12/2023 16:05,0,17/12/2023 03:55
17/12/2023,0.855712759,0.685741739,2464.452746,0.898179819,0,3.939772767,52,5,2.466792643,17/12/2023 16:15,0,18/12/2023 04:36
18/12/2023,,1.193958978,,,,3.899214036,2.5,1,1.92329144,18/12/2023 16:10,0,19/12/2023 04:35
19/12/2023,1.085832346,1.306425028,3127.197158,0.807450438,0,3.027092625,4,0,2.228996194,19/12/2023 16:05,0,20/12/2023 05:22
20/12/2023,0.962726472,0.993656629,2772.652238,0.79346944,0,3.48080577,14,0.5,1.706704304,20/12/2023 16:17,0,21/12/2023 06:33
21/12/2023,1.034415925,1.193958978,2979.117865,0.84267161,0,3.972469445,29.5,6,1.704969844,21/12/2023 16:10,0,22/12/2023 04:32
22/12/2023,0.960836198,1.085112113,2767.20825,0.862675545,0,3.575737296,8,1.5,2.224493359,22/12/2023 16:06,0,23/12/2023 05:38
23/12/2023,0.995692126,0.90956772,2867.593322,1.045160695,0,4.903746578,108.5,13,1.616233903,23/12/2023 16:14,0,24/12/2023 03:36
24/12/2023,0.948840214,0.877659244,2732.659817,0.979740848,0,3.925400798,82.5,17,1.353339095,24/12/2023 16:05,0,25/12/2023 04:43
25/12/2023,0.725882945,0.718916686,2090.542883,0.764294028,0,3.22976117,9,0,1.620948136,26/12/2023 16:05,0,26/12/2023 04:26
26/12/2023,1.027971771,1.314604473,2960.558702,0.860921668,0,2.946923641,3,0,1.845078661,26/12/2023 16:26,0,27/12/2023 03:55
27/12/2023,1.081632111,1.204526943,3115.100479,0.931201154,0,3.2725969,45.5,0,2.048932271,27/12/2023 16:10,0,28/12/2023 03:44
28/12/2023,1.1623467,1.428053761,3347.558497,1.060954013,0,3.85819781,124.5,8,1.850354922,28/12/2023 16:07,0,29/12/2023 03:54
29/12/2023,1.02940363,1.085112113,2964.682454,0.978908211,0,3.282654961,26,0,1.963911936,29/12/2023 16:09,0,30/12/2023 03:33
30/12/2023,1.110148813,0.993656629,3197.228582,1.175221335,0,4.647631151,174.5,42,2.540992027,30/12/2023 16:16,0,31/12/2023 04:07
31/12/2023,0.99639776,0.958324932,2869.625549,1.019297152,0,3.573600234,98,6.5,2.214271889,01/01/2024 16:05,0,01/01/2024 07:28
01/01/2024,1.143484274,0.778513012,3293.23471,1.384990306,0,4.812149797,231.5,142.5,1.546440775,02/01/2024 16:05,0,02/01/2024 04:14
02/01/2024,0.950030065,1.148910993,2736.086586,0.812304462,0,2.83821607,1.5,0,1.978613262,02/01/2024 16:19,0.002589281,03/01/2024 04:14
03/01/2024,1.018437066,0.958324932,2933.098749,1.042186318,0,4.417372699,119,30.5,2.101456893,03/01/2024 16:09,0.014609234,04/01/2024 06:05
04/01/2024,0.724401223,0.141449773,2086.275521,0.846571697,0,3.379711516,11.5,0,1.594867196,05/01/2024 15:59,0,05/01/2024 04:45
05/01/2024,0.862730853,0,2484.664857,1.133564415,0,3.721756222,171,58.5,1.017395374,06/01/2024 15:17,0,05/01/2024 16:05
06/01/2024,0.710913377,0.610660163,2047.430526,0.837027555,0,4.378850131,57.5,9,1.243041069,06/01/2024 16:37,0,07/01/2024 05:57
07/01/2024,0.683880038,0.141449773,1969.574509,0.851255894,0,3.670915338,38.5,8.5,2.557013679,07/01/2024 16:05,0.003463158,08/01/2024 07:20
08/01/2024,1.089625541,1.13687904,3138.121557,0.987872789,0,3.441742254,40,1,2.417171728,08/01/2024 16:28,0,09/01/2024 05:20
09/01/2024,1.094274045,0.993656629,3151.50925,1.080756378,0,3.52250683,115.5,1.5,2.899738167,09/01/2024 16:06,0,10/01/2024 05:01
10/01/2024,1.128868652,0.976349933,3251.141718,1.141115783,0,3.397075772,196,0,2.694956022,10/01/2024 16:15,0.02432533,11/01/2024 04:54
11/01/2024,1.089824357,1.026328939,3138.694149,1.012087753,0,3.718571436,66,11.5,2.303965727,11/01/2024 16:07,0,12/01/2024 04:46
12/01/2024,1.090272735,1.041787319,3139.985478,1.030508052,0,3.046298068,90.5,0,2.278409478,12/01/2024 16:15,0,13/01/2024 05:43
13/01/2024,0.82095325,0.805500858,2364.345361,0.806465367,0,3.015148006,1.5,0,1.683663585,13/01/2024 16:05,0.133134457,14/01/2024 09:02
14/01/2024,0.843308952,0.877659244,2428.729781,0.77860259,0,3.166453797,4.5,0,1.761123298,15/01/2024 16:05,0,15/01/2024 04:59
15/01/2024,,1.263043983,,,,4.04107593,31,10.5,2.526772064,15/01/2024 16:05,0,16/01/2024 03:55
16/01/2024,0.881312449,0.958324932,2538.179855,0.813569339,0,2.698935259,0.5,0,1.98428619,16/01/2024 16:08,0,17/01/2024 04:19
17/01/2024,1.057237096,1.322632712,3044.842835,0.801800739,0,2.925030895,0.5,0,2.124259255,17/01/2024 16:08,0,18/01/2024 04:22
18/01/2024,1.027652529,1.172018809,2959.639283,0.915493955,0,3.881128913,19.5,3,1.890567338,18/01/2024 16:34,0,19/01/2024 03:33
19/01/2024,0.99914916,1.13687904,2877.549582,0.809229021,0,2.803627795,3.5,0,1.796835097,19/01/2024 16:12,0,20/01/2024 04:45
20/01/2024,0.834368743,0,2402.981981,1.023319868,0,3.764627385,117,6.5,2.15490094,20/01/2024 16:05,0,21/01/2024 03:21
21/01/2024,1.122895918,0.805500858,3233.940243,1.265269282,0,4.920667002,259.5,53,2.287440643,21/01/2024 16:29,0,22/01/2024 03:54
22/01/2024,1.022413794,1.234770295,2944.551727,0.889594514,0,3.446791829,6,0.5,2.121578388,22/01/2024 16:11,0,23/01/2024 03:33
23/01/2024,1.18879428,1.395675785,3423.727526,0.899574802,0,3.883409301,19,7.5,1.821679773,23/01/2024 18:08,0,24/01/2024 04:47
24/01/2024,0.841254067,0.976349933,2422.811712,0.78203717,0,2.98816863,1,0,1.670931526,24/01/2024 16:08,0,25/01/2024 03:00
25/01/2024,0.991756334,1.183127429,2856.258241,0.778858686,0,3.122473101,5,0,1.631762851,26/01/2024 16:05,0,26/01/2024 04:48
26/01/2024,0.956686998,1.041787319,2755.258555,0.893935716,0,2.826906943,5,0,2.509053257,26/01/2024 16:10,0,27/01/2024 03:15
27/01/2024,1.041670618,1.330515232,3000.011381,0.813428404,0,2.590468435,0,0,1.866506562,27/01/2024 16:07,0,28/01/2024 03:40
28/01/2024,0.988540198,0.8309093,2846.995771,1.050224042,0,4.190793766,172.5,6.5,2.58179611,28/01/2024 16:05,0,29/01/2024 03:39
29/01/2024,1.007077733,1.204526943,2900.383871,0.803842569,0,2.948432528,1,0,1.819602146,29/01/2024 16:15,0.005323079,30/01/2024 04:36
30/01/2024,1.089329305,0.976349933,3137.268399,1.098483989,0,4.393148596,180.5,28,2.340265601,30/01/2024 16:05,0,31/01/2024 04:23
31/01/2024,1.025666465,0.939519253,2953.919419,1.057922245,0,3.897100121,121.5,20,2.080708911,31/01/2024 16:06,0,01/02/2024 04:17
01/02/2024,0.956473701,0.976349933,2754.644259,0.966182242,0,3.373529881,69.5,0,2.091420729,01/02/2024 16:05,0,02/02/2024 03:47
02/02/2024,1.119047608,0.899273187,3222.85711,1.179841206,0,4.34992528,217,55.5,2.497080636,02/02/2024 16:07,0,03/02/2024 04:28
03/02/2024,1.000805834,1.026328939,2882.320803,0.863869568,0,3.093127386,9,0,1.912479158,03/02/2024 16:06,0,04/02/2024 06:21
04/02/2024,0.821353195,0.567614443,2365.497203,0.960288948,0,4.009469593,61,29,1.677626378,04/02/2024 16:13,0,05/02/2024 04:41
05/02/2024,1.145274429,1.05671433,3298.390356,1.036539692,0,3.263395779,93,0,2.490896019,05/02/2024 16:10,0,06/02/2024 05:16
06/02/2024,1.162813461,1.05671433,3348.902768,1.075631569,0,3.778880253,146,19,2.889274719,06/02/2024 16:09,0,07/02/2024 05:05
07/02/2024,1.088396745,0.993656629,3134.582625,1.069235326,0,3.255204943,124,0,2.30585894,07/02/2024 16:06,0,08/02/2024 04:34
08/02/2024,1.007163088,0.877659244,2900.629692,1.038455286,0,3.214727314,108,0,2.850774617,08/02/2024 16:11,0,09/02/2024 04:21
09/02/2024,1.134645293,0.854913022,3267.778445,1.165777192,0,4.492649497,219.5,12.5,2.507977808,09/02/2024 16:44,0,10/02/2024 06:17
10/02/2024,1.007089762,1.018314448,2900.418514,0.872260328,0,3.626007589,45.5,3,1.680618478,10/02/2024 16:05,0,11/02/2024 06:33
11/02/2024,1.19641849,1.160618572,3445.685252,1.095932057,0,4.710390555,174.5,60,2.936639129,11/02/2024 16:41,0.001683833,12/02/2024 04:55
12/02/2024,1.159326486,0.993656629,3338.860281,1.118334497,0,3.890007208,177,15,3.664446405,12/02/2024 16:05,0,13/02/2024 05:02
13/02/2024,0.92290323,0.854913022,2657.961302,0.961440894,0,3.453905158,93.5,0.5,1.936899137,13/02/2024 16:08,0,14/02/2024 05:21
14/02/2024,0.953206286,1.001978293,2745.234103,0.909579515,0,3.037492235,10.5,0,2.361142088,14/02/2024 16:05,0,15/02/2024 04:11
15/02/2024,1.109516623,1.280919663,3195.407873,0.935143369,0,2.987136478,13.5,0,2.15522992,15/02/2024 16:16,0,16/02/2024 03:44
16/02/2024,1.149454505,1.214843848,3310.428974,0.962925658,0,4.393500095,84.5,8.5,2.73053196,16/02/2024 16:05,0.123183308,17/02/2024 03:54
17/02/2024,1.237223416,1.188543203,3563.203437,1.163901764,0,4.320569154,214.5,95,3.340620096,17/02/2024 16:07,0,18/02/2024 05:32
18/02/2024,1.162884495,1.124504225,3349.107346,1.05654861,0,4.466723227,139.5,17.5,2.57534423,18/02/2024 16:54,0,19/02/2024 03:24
19/02/2024,0.993298025,1.148910993,2860.698312,0.84736126,0,3.400147553,11,0.5,1.865577707,19/02/2024 16:05,0,20/02/2024 04:02
20/02/2024,1.147332555,1.280919663,3304.317757,0.903564497,0,4.244754953,10,1.5,2.151477291,20/02/2024 16:05,0,21/02/2024 04:21
21/02/2024,1.098104821,1.253822439,3162.541883,0.881368745,0,4.888956147,26.5,9.5,2.361176866,21/02/2024 16:07,0,22/02/2024 05:22
22/02/2024,1.040138802,1.204526943,2995.599749,0.858824627,0,2.660495506,0,0,1.671811467,22/02/2024 17:31,0,23/02/2024 03:38
23/02/2024,1.033671733,1.148910993,2976.974592,0.852139421,0,2.89500518,5.5,0,1.858174363,24/02/2024 16:05,0,24/02/2024 03:48
24/02/2024,1.174794089,1.408918021,3383.406978,0.944057404,0,3.927934682,17.5,0.5,2.422006395,24/02/2024 16:05,0,25/02/2024 04:04
25/02/2024,1.242949848,1.111766433,3579.695562,1.24304173,0,4.539020365,248,62.5,2.356880588,25/02/2024 16:17,0,26/02/2024 03:52
26/02/2024,,1.224921346,,,,3.784738507,23,4.5,1.850014477,26/02/2024 16:42,0,27/02/2024 05:00
27/02/2024,1.102253371,1.330515232,3174.48971,0.875459314,0,2.832352411,1.5,0,2.286417374,27/02/2024 16:09,0,28/02/2024 04:05
28/02/2024,1.266957621,1.579326204,3648.837949,0.86927411,0,3.182453172,13,0,1.80677175,29/02/2024 16:05,0.00023575,29/02/2024 06:04
29/02/2024,1.17293125,1.306425028,3378.042,0.883102392,0,3.440409986,18.5,0.5,1.956869325,29/02/2024 16:48,0,01/03/2024 03:29
01/03/2024,1.113640245,1.244400834,3207.283906,0.920021746,0,4.850473463,57.5,24,2.177635902,01/03/2024 16:46,0,02/03/2024 04:40
02/03/2024,0.816330186,0.778513012,2351.030936,0.876065863,0,4.243000325,23.5,6.5,1.548067242,02/03/2024 19:00,0,03/03/2024 03:46
03/03/2024,1.143070009,1.049250824,3292.041626,1.194611034,0,4.918679405,171.5,54,3.488201955,03/03/2024 16:18,0,04/03/2024 04:33
04/03/2024,1.453870258,1.446381812,4187.146344,1.264401732,0,4.104114113,290,116,3.138763968,04/03/2024 16:36,0,05/03/2024 05:22
05/03/2024,1.276513862,1.263043983,3676.359922,1.152138256,0,4.398337987,183.5,25.5,2.910243685,05/03/2024 17:01,0,06/03/2024 05:31
06/03/2024,1.422591881,1.263043983,4097.064617,1.250127163,0,4.963092211,288.5,104,3.431215757,06/03/2024 16:05,0,07/03/2024 05:10
07/03/2024,1.34771345,1.353339095,3881.414737,1.231954855,0,4.699586439,261.5,56,3.523710057,07/03/2024 16:05,0,08/03/2024 04:46
08/03/2024,1.368494407,1.392287947,3941.263891,1.236154868,0,4.711574587,267.5,52,3.011231011,08/03/2024 16:15,0.008494322,09/03/2024 05:09
09/03/2024,0.99711935,0.877659244,2871.703727,1.033240037,0,4.629649924,72,18,2.056161343,09/03/2024 16:05,0,10/03/2024 06:04
10/03/2024,1.076530518,1.13687904,3100.407891,0.931815534,0,3.417816169,38.5,1,2.248782214,10/03/2024 16:05,0,11/03/2024 04:41
11/03/2024,1.27391755,1.424911081,3668.882544,1.029758357,0,3.317741671,75,0,2.634134536,11/03/2024 16:05,0,12/03/2024 04:56
12/03/2024,1.297047586,1.33825723,3735.497047,1.150673539,0,3.763245252,237.5,17,3.114589282,12/03/2024 16:08,0,13/03/2024 04:28
13/03/2024,1.243779213,1.322632712,3582.084132,1.111191688,0,3.760583806,150.5,4.5,2.997172091,13/03/2024 16:08,0.010577531,14/03/2024 04:29
14/03/2024,1.190861881,1.234770295,3429.682218,1.023716972,0,3.852223733,92,17.5,1.997744116,14/03/2024 16:45,0,15/03/2024 04:55
15/03/2024,1.062530724,1.166318691,3060.088486,0.84402997,0,3.997258786,47.5,6.5,1.926440336,15/03/2024 16:09,0,16/03/2024 04:47
16/03/2024,1.097386541,1.07114529,3160.473237,1.095593379,0,4.487085748,110,40.5,2.650142324,16/03/2024 16:05,0,17/03/2024 05:37
17/03/2024,1.245699224,1.160618572,3587.613765,1.15034019,0,4.227673874,200,54,3.152208471,17/03/2024 16:05,0,18/03/2024 04:07
18/03/2024,0.835068191,0.749736316,2404.99639,0.84935978,0,3.681487268,39,3.5,2.05262393,18/03/2024 16:06,0,19/03/2024 05:07
19/03/2024,,1.314604473,,,,3.945269611,11,1.5,1.733438027,19/03/2024 16:05,0,20/03/2024 03:56
20/03/2024,0.88658812,0.778513012,2553.373785,0.904659563,0,4.845786409,31,21,1.842979646,20/03/2024 16:08,0,21/03/2024 02:59
21/03/2024,1.12142301,1.272073788,3229.698269,0.889802111,0,4.24384038,34,5,1.764029076,22/03/2024 16:05,0,22/03/2024 04:30
22/03/2024,1.181602342,1.449352515,3403.014745,0.925974557,0,3.548047745,43.5,4,2.599028375,22/03/2024 16:06,0.000910472,23/03/2024 04:06
23/03/2024,1.440295197,1.111766433,4148.050168,1.476554007,0,4.874109174,369.5,215.5,3.141593992,23/03/2024 16:05,0,24/03/2024 03:13
24/03/2024,1.238323055,1.306425028,3566.370397,1.037922953,0,4.147736905,147.5,13.5,2.331204158,24/03/2024 17:51,0.002198531,25/03/2024 06:30
25/03/2024,1.14383204,1.360688062,3294.236275,0.889299578,0,4.058196669,38.5,6,2.040506993,25/03/2024 16:09,0,26/03/2024 03:47
26/03/2024,,0.958324932,,,,2.857905146,3,0,1.898050484,26/03/2024 16:05,0,27/03/2024 04:50
27/03/2024,0.998377814,1.244400834,2875.328104,0.863619311,0,3.571631979,30,2.5,1.833244029,27/03/2024 16:06,0,28/03/2024 03:14
28/03/2024,1.013487613,1.160618572,2918.844325,0.911677704,0,4.716278699,21,11,2.331902574,28/03/2024 16:50,0,29/03/2024 04:04
29/03/2024,1.033912543,1.160618572,2977.668125,0.920869201,0,3.237474617,16.5,0,2.172152097,29/03/2024 16:07,0.07846626,30/03/2024 03:50
30/03/2024,1.130704178,0.958324932,3256.428033,1.103121348,0,4.306798039,168.5,28.5,2.332043913,30/03/2024 16:33,0,31/03/2024 05:10
31/03/2024,,0.567614443,,,,4.270472934,274.5,65,3.197778163,31/03/2024 17:16,0.000555745,01/04/2024 04:00
01/04/2024,0.880458455,0.854913022,2535.72035,0.851308306,0,3.200947574,21.5,0,1.9464277,01/04/2024 16:05,0,02/04/2024 04:28
02/04/2024,1.291733523,1.06392981,3720.192547,1.303578379,0,4.853285984,287,75,2.683748528,02/04/2024 16:16,0,03/04/2024 07:19
03/04/2024,1.10373584,1.302256798,3178.759219,1.002043489,0,3.85819781,73,15,2.349843919,03/04/2024 16:11,0,04/04/2024 04:51
04/04/2024,1.446554066,1.421768401,4166.075711,1.36594779,0,4.610252501,374.5,112,3.51907947,04/04/2024 16:05,0,05/04/2024 04:46
05/04/2024,1.180296511,0.519827994,3399.25395,1.337162411,0,4.672171405,302.5,98.5,3.055881564,05/04/2024 16:11,0,06/04/2024 05:31
06/04/2024,1.356163657,1.440357997,3905.751333,1.208967509,0,4.451006461,230,52,2.643028085,06/04/2024 17:15,0.003757798,07/04/2024 07:55
07/04/2024,1.348081131,1.306425028,3882.473656,1.295657082,0,4.774520177,260.5,79,3.705854818,07/04/2024 16:15,0,08/04/2024 04:43
08/04/2024,1.265736539,1.345863629,3645.321231,1.164316146,0,4.280684882,183.5,36,2.678544809,08/04/2024 17:37,0,09/04/2024 04:42
09/04/2024,1.426767824,1.428008927,4109.091332,1.261907665,0,4.464341976,300,82.5,4.001278417,09/04/2024 16:05,0,10/04/2024 05:42
10/04/2024,1.389603553,1.298088569,4002.058233,1.245759947,0,3.880600965,324,34,2.786453602,10/04/2024 16:41,0,11/04/2024 05:04
11/04/2024,1.365448601,1.360688062,3932.491972,1.252896615,0,4.053018484,311,31,3.253737394,11/04/2024 16:05,0,12/04/2024 05:15
12/04/2024,1.362999172,1.224921346,3925.437614,1.355921977,0,4.79895351,321.5,110.5,3.184879875,12/04/2024 16:15,0,13/04/2024 04:32
13/04/2024,1.096562545,0.939519253,3158.100131,1.098092439,0,3.71083129,97.5,13.5,2.325940042,13/04/2024 16:08,0,14/04/2024 06:05
14/04/2024,1.509092397,1.111766433,4346.186104,1.434426874,0,4.498100387,422,157,2.962313481,14/04/2024 17:40,0,15/04/2024 04:26
15/04/2024,1.16043966,1.360688062,3342.066219,1.008420851,0,4.744734878,46,21,2.612035862,15/04/2024 16:31,0,16/04/2024 04:41
16/04/2024,1.151258076,1.399011579,3315.62326,0.929935884,0,4.300180989,29.5,10.5,1.982700791,16/04/2024 16:05,0,17/04/2024 04:53
17/04/2024,1.180827956,1.395675785,3400.784512,1.049785459,0,3.84806836,94.5,9,2.678419616,17/04/2024 16:06,0,18/04/2024 03:42
18/04/2024,,1.166318691,,,,4.635726763,85.5,45.5,2.312071968,18/04/2024 16:06,0,19/04/2024 05:04
19/04/2024,1.073433069,1.111766433,3091.48724,0.968230907,0,4.4160404,48,11.5,2.034990769,19/04/2024 16:05,0,20/04/2024 05:05
20/04/2024,1.133076138,1.31051475,3263.259276,1.06520359,0,4.460143108,50,23.5,2.481765005,20/04/2024 16:05,0,21/04/2024 05:34
21/04/2024,1.361400202,1.263043983,3920.832583,1.334344233,0,4.426310496,313,98,2.964672587,21/04/2024 16:36,0,22/04/2024 03:31
22/04/2024,0.887291673,0.854913022,2555.400019,0.826810618,0,2.921639663,3.5,0,1.685363091,22/04/2024 16:22,0.000555745,23/04/2024 06:01
23/04/2024,0.742799513,0.519827994,2139.262598,0.824744339,0,3.816180296,30,6.5,1.389153831,24/04/2024 16:05,0,24/04/2024 03:51
24/04/2024,,1.07114529,,,,4.148307679,58.5,20.5,2.344067906,24/04/2024 16:05,0,25/04/2024 03:34
25/04/2024,1.334572695,0.985003281,3843.569361,1.382421935,0,4.970040949,351,114.5,2.791500237,25/04/2024 16:17,0,26/04/2024 03:51
26/04/2024,1.160060955,1.342060429,3340.975552,0.928749876,0,4.766407939,22,6.5,2.491379969,26/04/2024 16:22,0,27/04/2024 04:03
27/04/2024,1.264131246,1.111766433,3640.697989,1.261547218,0,4.730416442,267,53.5,2.657346889,27/04/2024 16:24,0,28/04/2024 05:18
28/04/2024,1.302712808,1.322632712,3751.812886,1.174036765,0,4.454684218,218,41.5,2.379272725,28/04/2024 19:11,0,29/04/2024 03:20
29/04/2024,1.149643928,1.111766433,3310.974513,1.107558821,0,4.47065565,162,39,2.441908539,29/04/2024 18:25,0,30/04/2024 04:32
30/04/2024,1.349118599,1.491781776,3885.461564,1.071931357,0,4.337252348,138,26.5,2.447469484,30/04/2024 16:06,0,01/05/2024 06:54
01/05/2024,1.493365451,1.507653513,4300.892499,1.096427966,0,3.811043877,243.5,22,2.942413638,01/05/2024 16:05,0,02/05/2024 05:26
02/05/2024,1.227613122,1.124504225,3535.525793,1.085071136,0,3.624581151,131.5,1,2.576412128,02/05/2024 17:47,0,03/05/2024 05:15
03/05/2024,1.277773364,1.276496725,3679.987288,1.235270973,0,3.803223517,270.5,21,2.753876931,03/05/2024 18:39,0,04/05/2024 06:22
04/05/2024,1.227791715,0.993656629,3536.04014,1.186074475,0,4.512063456,205,53.5,3.114353942,04/05/2024 16:22,0,05/05/2024 05:35
05/05/2024,1.196141639,0.939519253,3444.887921,1.22882957,0,4.643501631,190,119.5,2.125286033,05/05/2024 16:05,0,06/05/2024 05:23
06/05/2024,1.031769675,0.976349933,2971.496663,1.00598526,0,3.688942796,46,0.5,2.088399386,06/05/2024 16:07,0,07/05/2024 04:45
07/05/2024,1.341653358,1.33825723,3863.961672,1.237556521,0,4.693113581,231.5,112,2.147140665,07/05/2024 18:03,0,08/05/2024 04:37
08/05/2024,1.468262809,1.375023129,4228.596891,1.270941597,0,4.41742386,373,101,3.614649871,08/05/2024 16:05,0.000471499,09/05/2024 05:20
09/05/2024,1.471224776,1.388900108,4237.127355,1.162701233,0,4.194142882,287.5,72,3.298796439,09/05/2024 16:18,0,10/05/2024 05:25
10/05/2024,1.392117461,1.615234935,4009.298288,1.153255544,0,4.324325265,202.5,35.5,2.433134163,10/05/2024 20:50,0.003825273,11/05/2024 06:05
11/05/2024,1.249267962,1.193958978,3597.89173,1.082220537,0,4.481295259,158,33.5,2.279712561,11/05/2024 16:05,0,12/05/2024 04:20
12/05/2024,1.530786155,1.520443456,4408.664126,1.442757178,0,4.334505622,463.5,142.5,3.42169604,12/05/2024 16:05,0,13/05/2024 04:18
13/05/2024,1.234517337,1.382017043,3555.409931,0.987393091,0,4.747698239,74,25,2.147922076,13/05/2024 16:14,0,14/05/2024 04:47
14/05/2024,1.285076362,1.446381812,3701.019924,1.104260528,0,4.437566028,116,45.5,3.540074576,14/05/2024 16:07,0,15/05/2024 03:59
15/05/2024,,1.289588953,,,,3.284829876,32,0,2.087303761,15/05/2024 18:00,0,16/05/2024 05:27
16/05/2024,1.192780802,1.434249452,3435.20871,0.900773371,0,4.044409609,15.5,2.5,1.726604427,16/05/2024 16:31,0,17/05/2024 04:02
17/05/2024,0.777429569,0.685741739,2238.997159,0.739892184,0,3.648666349,10.5,1,0.984687342,18/05/2024 06:15,0.050383316,18/05/2024 11:15
18/05/2024,1.021491784,0.993656629,2941.896337,0.921012733,0,4.179307001,92.5,21.5,1.718731288,18/05/2024 16:14,0.005654304,19/05/2024 10:23
19/05/2024,0.800071659,0.46612587,2304.206378,0.986349239,0,4.308642089,80.5,40,2.692194547,19/05/2024 16:05,0,20/05/2024 00:44
20/05/2024,1.089010819,0.854913022,3136.351159,1.158924682,0,4.600546229,187.5,45.5,2.137142438,20/05/2024 17:01,0.144116583,21/05/2024 10:41
21/05/2024,1.294614112,1.172018809,3728.488643,1.076240137,0,4.792131735,162.5,57,2.078938276,21/05/2024 21:01,0.086800704,22/05/2024 11:39
22/05/2024,1.190280363,1.098643726,3428.007445,0.935658841,0,4.536772002,108,60,2.569753118,22/05/2024 18:23,0,23/05/2024 09:03
23/05/2024,1.201916732,1.302256798,3461.520189,0.912243606,0,3.813311389,36.5,0.5,1.980048031,24/05/2024 16:05,0.372433731,24/05/2024 08:15
24/05/2024,1.488231627,1.253822439,4286.107087,1.089048059,0,4.424376516,253,48.5,2.220954541,25/05/2024 16:05,0,25/05/2024 03:34
25/05/2024,1.597991249,1.774653837,4602.214797,1.325219567,0,4.313900529,422,83.5,3.533886383,25/05/2024 16:05,0.045522511,26/05/2024 04:49
26/05/2024,1.45383257,1.760384783,4187.0378,1.037362871,0,4.075624325,122.5,10,2.524640465,26/05/2024 16:05,0,27/05/2024 05:25
27/05/2024,1.300415983,1.691302563,3745.198031,1.029530663,0,4.520275179,70,15,2.662476686,27/05/2024 16:05,0,28/05/2024 04:04
28/05/2024,1.248064134,1.629205657,3594.424706,0.924607961,0,3.885851786,22,6.5,2.144858706,28/05/2024 16:10,0,29/05/2024 04:26
29/05/2024,1.327355953,1.596597096,3822.785144,1.044428484,0,3.945269611,105,20,2.638307913,29/05/2024 16:06,0.073857912,30/05/2024 04:06
30/05/2024,,1.298088569,,,,4.273690038,50.5,8,1.845648713,30/05/2024 18:14,0,31/05/2024 05:18
31/05/2024,1.377654179,1.547343888,3967.644035,1.059326683,0,4.361802981,160.5,30,2.734270137,31/05/2024 19:43,0,01/06/2024 04:31
01/06/2024,1.150875794,1.172018809,3314.522287,1.049261491,0,5.033539954,92,17,2.158686525,02/06/2024 16:05,0,02/06/2024 04:42
02/06/2024,1.531374767,1.592343335,4410.359328,1.310934878,0,4.856201437,276.5,141.5,2.460449837,02/06/2024 16:47,0,03/06/2024 05:03
03/06/2024,1.484465634,1.443369905,4275.261026,1.350575758,0,4.222896393,362,156,3.22639882,03/06/2024 16:05,0,04/06/2024 05:27
04/06/2024,1.503907753,1.421768401,4331.254328,1.294525605,0,4.222576018,317.5,129.5,2.800462749,04/06/2024 16:05,0,05/06/2024 05:23
05/06/2024,1.525961783,1.613207352,4394.769935,1.337903877,0,4.069398706,398,116,3.24742531,05/06/2024 16:35,0,06/06/2024 05:40
06/06/2024,1.474303762,1.537756149,4245.994835,1.272731946,0,4.230908519,327,96,3.719877534,06/06/2024 16:06,0,07/06/2024 05:23
07/06/2024,1.419936915,1.48083377,4089.418316,1.299308091,0,4.499034051,312,67.5,3.003672689,07/06/2024 16:07,0,08/06/2024 04:56
08/06/2024,1.101779994,0.854913022,3173.126383,1.04091652,0,4.16362525,104.5,8.5,2.910395743,08/06/2024 16:05,0.008937034,09/06/2024 05:47
09/06/2024,1.229454124,1.280919663,3540.827877,1.020247103,0,3.94130666,139.5,28,3.001534688,09/06/2024 16:05,0,10/06/2024 05:05
10/06/2024,1.397709727,1.463967604,4025.404013,1.310310102,0,4.603155853,312.5,91.5,3.889921041,10/06/2024 16:05,0,11/06/2024 05:00
11/06/2024,1.405469014,1.497137064,4047.75076,1.261102161,0,4.138452386,290.5,77.5,3.442758213,11/06/2024 16:13,0,12/06/2024 05:10
12/06/2024,1.120455196,0.805500858,3226.910964,1.224807654,0,4.667896361,217.5,78.5,3.291223694,12/06/2024 16:05,0,13/06/2024 05:50
13/06/2024,1.139262151,0.818205079,3281.074994,1.212034206,0,3.829653641,225,49,3.023087456,13/06/2024 16:07,0,14/06/2024 05:15
14/06/2024,1.237302031,0.778513012,3563.429849,1.361071152,0,4.796043004,325.5,128,2.235317971,14/06/2024 17:58,0,15/06/2024 04:34
15/06/2024,1.12723366,1.214843848,3246.432939,1.052799535,0,4.418420292,101.5,10.5,2.37130255,15/06/2024 16:07,0.01089494,16/06/2024 05:39
16/06/2024,1.400518369,1.306425028,4033.492902,1.354944769,0,4.713092187,283,154.5,3.967373264,16/06/2024 16:07,0,17/06/2024 04:11
17/06/2024,1.154779876,1.204526943,3325.766044,1.049778126,0,4.451006461,109.5,17,1.943332734,18/06/2024 16:05,0,18/06/2024 05:13
18/06/2024,,1.631160237,,,,4.718777955,183,51.5,2.716304177,18/06/2024 16:05,0,19/06/2024 04:20
19/06/2024,1.239250565,1.512817759,3569.041626,1.031622597,0,4.364064839,79,25,2.252582938,19/06/2024 16:32,0,20/06/2024 04:44
20/06/2024,1.341842356,1.510235636,3864.505987,1.026868195,0,4.561308698,104.5,35.5,2.289459234,20/06/2024 19:54,0,20/06/2024 16:05
21/06/2024,1.16717221,1.193958978,3361.455966,1.056958582,0,4.863405785,95.5,34,2.276908958,21/06/2024 19:56,0,22/06/2024 04:08
22/06/2024,1.233783838,1.530416839,3553.297453,0.96949683,0,3.71083129,48.5,2,2.263434467,22/06/2024 16:11,0,23/06/2024 05:14
23/06/2024,1.442444763,1.747117789,4154.240917,1.322237408,0,4.274046027,319,53,3.098586268,23/06/2024 16:05,0,24/06/2024 03:40
24/06/2024,1.279587042,1.489070701,3685.21068,1.07372027,0,4.427286768,131,18.5,2.444002426,24/06/2024 16:07,0.015784717,25/06/2024 04:58
25/06/2024,1.034615673,1.13687904,2979.693139,0.952501655,0,4.193243735,40,7.5,4.15752567,25/06/2024 16:05,0,26/06/2024 04:16
26/06/2024,0.998767883,0,2876.451502,1.122874801,0,4.563927017,74,27,4.076073635,26/06/2024 16:05,0,26/06/2024 23:24
27/06/2024,,0,,,,0,0,0,2.044752849,28/06/2024 10:48,0,28/06/2024 10:43
28/06/2024,,1.711258744,,,,4.276459047,33.5,7.5,2.087692818,28/06/2024 17:40,0.006199029,29/06/2024 06:40
29/06/2024,1.185022086,1.204526943,3412.863606,1.095612051,0,4.36743569,152.5,31,2.853710377,29/06/2024 16:05,0,30/06/2024 05:37
30/06/2024,1.111568406,1.041787319,3201.317009,1.047839491,0,4.067914064,121.5,26.5,2.731563782,30/06/2024 17:30,0,01/07/2024 05:00
01/07/2024,1.339208329,1.322632712,3856.919987,1.192790826,0,3.983584795,247,85,3.135047369,01/07/2024 16:15,0,02/07/2024 05:18
02/07/2024,1.313687244,1.280919663,3783.419262,1.140356798,0,4.410669954,238.5,29,3.294301631,02/07/2024 16:15,0,03/07/2024 05:52
03/07/2024,1.364442003,1.421768401,3929.592969,1.158045145,0,4.481560144,210,63.5,2.410663737,03/07/2024 17:48,0,04/07/2024 05:03
04/07/2024,1.494846941,1.489070701,4305.159191,1.157889204,0,4.450390462,261,61.5,2.730720802,04/07/2024 16:57,0,05/07/2024 05:31
05/07/2024,1.302633494,1.098643726,3751.584462,1.190155837,0,3.883671654,281.5,29,3.221901737,05/07/2024 16:06,0,06/07/2024 05:04
06/07/2024,1.138704031,1.148910993,3279.467608,0.926145737,0,3.91827469,75.5,10.5,2.7596066,06/07/2024 17:14,0,07/07/2024 04:58
07/07/2024,1.044988572,0.985003281,3009.567088,0.908668275,0,3.823069743,40.5,3.5,2.339454247,07/07/2024 16:06,0,08/07/2024 04:57
08/07/2024,1.51622604,1.234770295,4366.730995,1.367194843,0,4.103482156,452,135.5,3.269427651,08/07/2024 16:37,0,09/07/2024 04:51
09/07/2024,0.886444932,0.854913022,2552.961404,0.890449641,0,3.261476989,22.5,0,2.238123896,10/07/2024 16:05,0.00023575,10/07/2024 05:32
10/07/2024,1.603833372,1.659535907,4619.040111,1.259990562,0,4.213180816,358,110.5,3.757033436,10/07/2024 16:13,0,11/07/2024 05:14
11/07/2024,1.427404006,1.480868924,4110.923537,1.217096801,0,4.534218829,281.5,49,2.607722884,11/07/2024 17:24,0,12/07/2024 04:36
12/07/2024,1.249024765,1.507653513,3597.191323,1.027828321,0,3.64761375,86.5,4,2.16377548,12/07/2024 16:32,0.016890936,13/07/2024 06:55
13/07/2024,1.339825616,1.402347373,3858.697775,0.993998809,0,5.169699997,101,33.5,2.006642752,13/07/2024 20:35,0,14/07/2024 04:21
14/07/2024,1.436678514,1.659535907,4137.634119,1.190206218,0,4.835750418,197,66.5,2.502754766,14/07/2024 16:05,0,15/07/2024 05:56
15/07/2024,1.319377888,1.537756149,3799.808317,1.0096622,0,4.690993386,86.5,14.5,2.39496867,15/07/2024 19:46,0,16/07/2024 04:26
16/07/2024,1.202388819,1.382017043,3462.879799,0.907957758,0,4.263674881,65,12,2.066930372,16/07/2024 20:34,0.011057178,17/07/2024 05:30
17/07/2024,1.321961536,1.507653513,3807.249223,1.007317725,0,5.097625488,73,46.5,2.349966528,17/07/2024 17:25,0,18/07/2024 03:57
18/07/2024,,1.345863629,,,,4.520275179,232,35.5,2.00499958,18/07/2024 16:05,0,19/07/2024 03:56
19/07/2024,1.261414739,1.353339095,3632.874449,1.00363854,0,4.564164265,98,26,2.244767189,19/07/2024 19:44,0.003331295,20/07/2024 04:38
20/07/2024,1.285335247,1.613207352,3701.765512,0.922465411,0,4.277836959,37,13.5,2.177485723,20/07/2024 16:10,0.001683833,21/07/2024 04:50
21/07/2024,1.30842803,1.375023129,3768.272727,1.098649924,0,4.740804655,123,61,2.203483199,21/07/2024 20:27,0.119547249,22/07/2024 08:28
22/07/2024,1.60304868,1.7177121,4616.780198,1.049669715,0,4.540275153,215,35.5,2.881162356,22/07/2024 16:20,0,23/07/2024 04:58
23/07/2024,1.467668004,1.579326204,4226.883852,1.269190318,0,5.055127469,246.5,92.5,3.572060044,23/07/2024 16:19,0,24/07/2024 04:37
24/07/2024,1.621063947,1.50242712,4668.664168,1.484673547,0,5.159281981,414,263.5,3.987111138,24/07/2024 16:07,0,25/07/2024 04:12
25/07/2024,1.420289685,1.010299957,4090.434291,1.564101475,0,5.209898204,382.5,292.5,4.420374368,25/07/2024 16:07,0,26/07/2024 03:59
26/07/2024,1.733132303,1.751587005,4991.421032,1.479550147,0,4.957758761,492,262.5,3.867733758,26/07/2024 16:05,0,27/07/2024 03:30
27/07/2024,1.499090025,1.298088569,4317.379273,1.433987161,0,5.160545359,344,220,3.349718332,27/07/2024 17:17,0,28/07/2024 04:51
28/07/2024,1.362206908,0.993656629,3923.155896,1.379474561,0,4.517379081,313,212.5,2.454491189,29/07/2024 16:05,0.011396159,29/07/2024 04:09
29/07/2024,1.719171909,1.491781776,4951.215098,1.529317532,0,5.194173433,468.5,270,3.642804612,29/07/2024 16:08,0,30/07/2024 04:53
30/07/2024,1.380069062,1.574898989,3187.959534,1.139874954,0,4.882736568,127,34.5,2.717465873,31/07/2024 03:42,0,30/07/2024 16:05
31/07/2024,,,0,,,,0,0,,,,
01/08/2024,,,0,,,,0,0,,,,
02/08/2024,,,0,,,,0,0,,,,
03/08/2024,,,0,,,,0,0,,,,
04/08/2024,1.210980947,1.367914739,689.048159,0.736346302,0,3.209081845,3,0,2.53115197,04/08/2024 19:22,0,05/08/2024 04:06
05/08/2024,1.402778332,1.572662584,4040.001597,1.147263912,0,4.703045524,163,30.5,2.639152671,05/08/2024 16:05,0,06/08/2024 04:42
06/08/2024,1.543875039,1.929061124,4446.360112,1.190954198,0,4.969668214,251,37.5,2.541778638,06/08/2024 18:33,0,07/08/2024 04:10
07/08/2024,1.358908148,1.458184436,3913.655466,1.154222413,0,4.723240688,188,46,2.336984606,07/08/2024 16:20,0,08/08/2024 04:07
08/08/2024,1.268190413,1.428053761,3652.38839,1.132143195,0,5.015378619,115.5,47.5,2.483481731,08/08/2024 17:21,0.009189769,09/08/2024 03:42
09/08/2024,1.244758944,1.388900108,3584.905758,1.095674521,0,4.188763167,141,54,2.915805542,09/08/2024 16:12,0.027546407,10/08/2024 05:40
10/08/2024,1.215284431,1.209685396,3500.01916,1.072225907,0,5.066241668,95.5,44.5,4.039491056,10/08/2024 16:05,0,11/08/2024 03:34
11/08/2024,1.300988914,1.392287947,3746.848071,1.221397239,0,4.999742995,166,96.5,2.531519791,11/08/2024 17:33,0,12/08/2024 03:40
12/08/2024,1.261750564,1.452323217,3633.841625,0.988767168,0,4.706648153,51,21,2.514337515,12/08/2024 17:07,0,13/08/2024 04:57
13/08/2024,1.036879978,1.010299957,2986.214337,0.946819836,0,4.303219392,63,10.5,2.107200542,13/08/2024 16:07,0,14/08/2024 03:46
14/08/2024,1.188020725,1.388900108,3421.499689,0.917226445,0,5.176122817,36.5,14.5,1.951197894,15/08/2024 16:05,0,15/08/2024 04:25
15/08/2024,1.344544419,1.289588953,3872.287928,1.230258419,0,4.652883483,201.5,100,3.043211167,15/08/2024 16:38,0,16/08/2024 04:50
16/08/2024,1.165939209,1.382017043,3357.904922,0.949116845,0,3.827569571,33,3.5,1.919006396,16/08/2024 16:07,0,17/08/2024 03:41
17/08/2024,1.214692936,1.204526943,3498.315655,1.17015827,0,4.51975005,173,55,2.367063252,17/08/2024 16:11,0,18/08/2024 04:01
18/08/2024,1.266828043,1.402347373,3648.464763,1.101727647,0,4.19427118,114,18,2.803491051,18/08/2024 16:07,0,19/08/2024 03:35
19/08/2024,,0.899273187,,,,4.114513574,176.5,7,2.188781842,19/08/2024 18:56,0,20/08/2024 03:54
20/08/2024,1.172187801,1.382017043,3375.900866,0.971925556,0,4.436294347,61.5,22.5,1.915601191,20/08/2024 19:04,0,21/08/2024 04:03
21/08/2024,1.177936964,1.458184436,3392.458456,0.952311731,0,4.327797708,36.5,8,2.001084794,21/08/2024 16:06,2.96E-18,22/08/2024 04:11
22/08/2024,1.154352289,1.360688062,3324.534593,0.992031142,0,4.592177424,41.5,20,2.188616875,22/08/2024 16:38,0,23/08/2024 03:53
23/08/2024,1.192569103,1.382017043,3434.599018,0.972132639,0,4.45681528,50,12.5,2.130269424,23/08/2024 16:05,0,24/08/2024 04:10
24/08/2024,0.950175863,0,2736.506487,1.177088725,0,4.661877588,91.5,46,2.401478031,24/08/2024 17:24,0,25/08/2024 00:09
25/08/2024,0,0,0,0,0,0,0,0,,,,
26/08/2024,,,,,,,,,,,,
27/08/2024,,,,,,,,,,,,
28/08/2024,,,,,,,,,,,,
29/08/2024,,,,,,,,,,,,
30/08/2024,,,,,,,,,,,,
31/08/2024,,,,,,,,,,,,
01/09/2024,,,,,,,,,,,,
02/09/2024,,,,,,,,,,,,
03/09/2024,,,,,,,,,,,,
04/09/2024,,,,,,,,,,,,
05/09/2024,,,,,,,,,,,,
06/09/2024,,,,,,,,,,,,
07/09/2024,,,,,,,,,,,,
08/09/2024,,,,,,,,,,,,
09/09/2024,,,,,,,,,,,,
10/09/2024,,,,,,,,,,,,
11/09/2024,,,,,,,,,,,,
12/09/2024,,,,,,,,,,,,
13/09/2024,,,,,,,,,,,,
14/09/2024,,,,,,,,,,,,
15/09/2024,,,,,,,,,,,,
16/09/2024,,,,,,,,,,,,
17/09/2024,,,,,,,,,,,,
18/09/2024,,,,,,,,,,,,
19/09/2024,,,,,,,,,,,,
20/09/2024,,,,,,,,,,,,
21/09/2024,,,,,,,,,,,,
22/09/2024,,,,,,,,,,,,
23/09/2024,1.652529904,1.659535907,2468.879676,0.571730093,0,3.277302006,21,0,2.031231045,23/09/2024 12:21,0,23/09/2024 11:33
24/09/2024,1.20919323,1.345863629,3482.476503,0.893872885,0,4.34563129,36,11,2.655719347,24/09/2024 11:33,0,25/09/2024 05:18
25/09/2024,1.122437905,1.224921346,3232.621167,0.852930527,0,4.828455588,40.5,16,2.398123077,25/09/2024 11:54,0,26/09/2024 04:57
26/09/2024,1.126727414,1.298088569,3244.974952,0.935409478,0,4.417577306,63.5,15,2.492655403,26/09/2024 11:54,0,27/09/2024 03:39
27/09/2024,1.136522149,1.085112113,3273.183788,1.001898907,0,4.715609795,83,15.5,2.395927229,27/09/2024 11:45,0.001801615,28/09/2024 04:06
28/09/2024,1.047696354,1.105205079,3017.365501,0.986860146,0,4.296242974,62.5,16.5,3.097015176,28/09/2024 12:01,0,29/09/2024 03:40
29/09/2024,0.924915524,0.805500858,2663.756709,0.996395526,0,4.776124599,89.5,27,2.727411112,29/09/2024 11:33,0,30/09/2024 05:15
30/09/2024,1.280908926,1.382017043,3689.017706,1.136254286,0,4.036180798,157,19,2.869633617,30/09/2024 12:49,0,01/10/2024 04:54
01/10/2024,1.357823086,1.289588953,3910.530488,1.231817099,0,4.1952962,307.5,47,3.055359726,01/10/2024 12:50,0,02/10/2024 05:25
02/10/2024,1.259918064,1.209685396,3628.564026,1.18211756,0,5.032976363,181,36,2.597570657,02/10/2024 11:41,0,03/10/2024 04:43
03/10/2024,1.303827385,1.298088569,3755.02287,1.207523298,0,3.844925529,250.5,37,3.280993979,03/10/2024 11:55,0,04/10/2024 04:44
04/10/2024,1.331119693,1.253822439,3833.624717,1.26989048,0,4.751720874,261.5,87,2.841548825,04/10/2024 17:45,0,05/10/2024 05:55
05/10/2024,0.905552596,0.610660163,2607.991475,0.91691498,0,3.672339887,51,6,1.682794907,05/10/2024 19:12,0,06/10/2024 06:02
06/10/2024,0.823716136,0.718916686,2372.302471,0.867849686,0,3.248086119,17.5,0,2.32816012,06/10/2024 12:00,0,07/10/2024 05:28
07/10/2024,1.287791358,1.148910993,3708.839111,1.258728146,0,4.897626651,286,68,2.982931974,07/10/2024 11:39,0,08/10/2024 05:50
08/10/2024,1.32548086,1.234770295,3817.384878,1.200877479,0,4.811076488,222.5,60,3.287524679,08/10/2024 11:36,0,09/10/2024 05:38
09/10/2024,1.283138907,1.298088569,3695.440053,1.189128255,0,3.95650267,212.5,33,2.86267912,09/10/2024 12:53,0,10/10/2024 05:39
10/10/2024,1.126723991,1.098643726,3244.965094,1.083176874,0,4.664144414,121.5,14,2.695808905,10/10/2024 11:43,0,11/10/2024 05:02
11/10/2024,1.329534542,1.05671433,3829.059482,1.26708467,0,4.998348804,266,96,2.94504336,11/10/2024 16:17,0,12/10/2024 05:56
12/10/2024,1.104819271,1.098643726,3181.879501,1.066128756,0,4.234470207,122,23,3.158123206,12/10/2024 11:36,0,13/10/2024 05:22
13/10/2024,1.034496182,1.193958978,2979.349005,0.96141017,0,3.294950954,26,0,2.375447091,13/10/2024 11:42,0,14/10/2024 04:34
14/10/2024,0.935738432,0.939519253,2694.926685,0.883277115,0,3.402271702,23.5,0.5,1.857086794,14/10/2024 11:53,0,15/10/2024 05:10
15/10/2024,1.031193229,1.160618572,2969.8365,0.900338294,0,4.431665414,33.5,9,2.346277563,15/10/2024 12:37,0,16/10/2024 05:02
16/10/2024,0.92341566,1.010299957,2659.4371,0.794892441,0,3.072117493,4.5,0,1.615946841,16/10/2024 17:23,0,17/10/2024 03:25
17/10/2024,0.946811257,0.993656629,2726.816419,0.854009029,0,3.007491733,4,0,2.019386342,17/10/2024 11:33,0,18/10/2024 03:56
18/10/2024,1.110289438,1.345863629,3197.633581,0.831905796,0,3.511936809,6.5,2,2.356752262,18/10/2024 11:33,0,19/10/2024 06:03
19/10/2024,0.780270027,0.778513012,2247.177679,0.757748545,0,3.228774943,12,0,2.120632376,19/10/2024 11:35,0,20/10/2024 05:47
20/10/2024,1.129745455,1.172018809,3253.666909,1.025602354,0,4.126922616,93.5,19,2.357307992,20/10/2024 16:31,0,21/10/2024 04:18
21/10/2024,,1.07114529,,,,4.330055637,43.5,8.5,2.292059555,21/10/2024 11:33,0,22/10/2024 04:00
22/10/2024,1.107082995,1.33825723,3188.399026,0.946245909,0,4.875732685,28,8,2.37325196,22/10/2024 12:30,0,23/10/2024 04:09
23/10/2024,1.054832187,1.244400834,3037.9167,0.831051789,0,3.769202982,15.5,5.5,2.136285585,23/10/2024 11:43,0,24/10/2024 04:28
24/10/2024,0.970429877,1.13687904,2794.838046,0.849175432,0,3.11778154,4.5,0,2.020982443,24/10/2024 11:33,0,25/10/2024 03:49
25/10/2024,0.878319264,0.993656629,2529.559481,0.761025202,0,2.999865348,3,0,1.979704452,25/10/2024 11:34,0,26/10/2024 05:05
26/10/2024,0.773499139,0.610660163,2227.67752,0.869752557,0,3.27932809,33,0,1.795673893,26/10/2024 11:33,0,27/10/2024 04:52
27/10/2024,0.941165735,0.567614443,2710.557318,1.088417494,0,4.168189774,158.5,18.5,3.584052775,27/10/2024 11:34,0,28/10/2024 03:44
28/10/2024,1.085870587,1.353339095,3127.307289,0.84156996,0,3.04929363,8.5,0,2.246582186,28/10/2024 11:35,0,29/10/2024 04:28
29/10/2024,1.006113187,1.13687904,2897.605979,0.937652643,0,4.724390246,31,13.5,2.090594748,29/10/2024 11:35,0,30/10/2024 04:09
30/10/2024,1.120971474,1.298088569,3228.397844,0.943370548,0,4.626168258,39,23,2.069010163,30/10/2024 11:34,0,31/10/2024 04:15
31/10/2024,1.02913655,1.224921346,2963.913265,0.888764363,0,3.32508033,4,0,2.16895581,31/10/2024 11:35,0.004294525,01/11/2024 03:22
01/11/2024,1.116958948,0.247973266,3216.84177,1.296590297,0,4.368238524,287.5,60.5,3.335405224,01/11/2024 12:47,0,02/11/2024 03:44
02/11/2024,1.224623901,1.041787319,3526.916836,1.215257876,0,5.011162176,228,68.5,3.20384205,02/11/2024 13:13,0,03/11/2024 04:26
03/11/2024,1.114992263,1.244400834,3211.177717,0.921826854,0,3.964269061,51,4,2.384573481,03/11/2024 11:36,0,04/11/2024 04:25
04/11/2024,1.095990256,1.07114529,3156.451936,1.022127847,0,3.690309514,107,6,2.879596648,04/11/2024 11:42,0,05/11/2024 05:44
05/11/2024,1.118197814,1.193958978,3220.409705,1.002707927,0,3.157588215,39.5,0,2.349335818,05/11/2024 11:33,0,06/11/2024 04:58
06/11/2024,1.221556997,1.253822439,3518.084152,1.016247233,0,3.261934613,73.5,0,2.763242748,06/11/2024 11:55,0,07/11/2024 06:04
07/11/2024,1.280891229,1.458184436,3688.966741,1.011657204,0,3.052120402,86,0,3.028150052,07/11/2024 11:33,0,08/11/2024 06:30
08/11/2024,1.043671175,0.993656629,3005.772984,1.045649646,0,3.09042031,89,0,2.950498725,08/11/2024 11:33,0,09/11/2024 05:35
09/11/2024,0.891208843,0.877659244,2566.681467,0.90621385,0,3.542905061,47,1,3.128132951,09/11/2024 11:35,0,10/11/2024 04:55
10/11/2024,0.909939097,0.919862254,2620.6246,0.848692929,0,3.042978908,4.5,0,2.415856578,10/11/2024 11:34,0,11/11/2024 05:02
11/11/2024,1.285139097,1.214843848,3701.200601,1.197026444,0,4.00763343,236,28.5,2.985846169,11/11/2024 11:39,0,12/11/2024 04:49
12/11/2024,1.12064245,1.085112113,3227.450256,1.014576952,0,3.554251657,118,6,2.860890587,12/11/2024 11:52,0,13/11/2024 05:02
13/11/2024,1.223728124,1.193958978,3524.336996,1.115461672,0,3.822466227,163.5,9,2.873690325,13/11/2024 12:59,0.007412874,14/11/2024 04:47
14/11/2024,1.02504039,1.05671433,2952.116324,1.011213967,0,3.515624847,107.5,1.5,3.232314928,14/11/2024 11:33,0,15/11/2024 04:17
15/11/2024,1.007934552,1.124504225,2902.851511,0.811184788,0,4.835496522,33.5,17,4.294039659,15/11/2024 11:33,0,16/11/2024 05:38
16/11/2024,1.100632247,0.610660163,3169.82087,1.211871531,0,4.812283775,226.5,51,2.965070147,16/11/2024 13:32,0,17/11/2024 05:40
17/11/2024,1.151438243,1.239585564,3316.14214,0.989045878,0,4.06865702,104.5,13,2.532313509,17/11/2024 15:15,0,18/11/2024 03:41
18/11/2024,,0.333447274,,,,4.965075488,121.5,25,3.468412612,18/11/2024 14:37,0,19/11/2024 03:33
19/11/2024,1.259323696,1.497137064,3626.852243,0.933852326,0,5.214750624,33,17,1.835374221,19/11/2024 22:40,0,20/11/2024 07:53
20/11/2024,0.994591312,1.130691632,2864.422978,0.845628368,0,3.769202982,15.5,5.5,1.966751664,20/11/2024 11:33,0,21/11/2024 08:12
21/11/2024,1.05404652,1.263043983,3035.653977,0.812096355,0,3.11778154,4.5,0,2.270841812,21/11/2024 11:33,0,22/11/2024 07:33
22/11/2024,0.806310643,0.854913022,2322.174652,0.77504519,0,2.999865348,3,0,1.537756149,22/11/2024 11:33,0,23/11/2024 08:49
23/11/2024,0.812234918,0.610660163,2339.236564,0.879362749,0,3.27932809,33,0,1.472920524,23/11/2024 22:29,0,23/11/2024 11:33
24/11/2024,0.921311314,0.46612587,2653.376586,1.093407381,0,4.168189774,158.5,18.5,1.839567874,24/11/2024 23:16,0,24/11/2024 11:33
25/11/2024,0.995531661,1.234770295,2867.131182,0.84207195,0,3.04929363,8.5,0,1.883434294,25/11/2024 11:33,0,26/11/2024 09:12
26/11/2024,1.1180482,1.306425028,3219.978816,0.919133657,0,4.724390246,31,13.5,2.136984517,26/11/2024 12:49,0,27/11/2024 08:53
27/11/2024,1.042824885,1.204526943,3003.335669,0.974861104,0,4.626168258,39,23,2.189299062,27/11/2024 12:17,0,28/11/2024 08:59
28/11/2024,1.107457866,1.314604473,3189.478653,0.855735412,0,3.32508033,4,0,1.892996303,28/11/2024 12:07,0.004294525,29/11/2024 08:06
29/11/2024,1.170180952,0.8309093,3370.121142,1.279220861,0,4.368238524,287.5,60.5,2.446783521,29/11/2024 23:20,0,29/11/2024 11:33
30/11/2024,1.140319532,0.877659244,3284.120251,1.258386024,0,5.011162176,228,68.5,2.431177118,30/11/2024 23:06,0,30/11/2024 11:33
01/12/2024,1.078515852,1.13687904,3106.125653,0.905169518,0,3.964269061,51,4,1.884102063,01/12/2024 11:38,0,02/12/2024 09:09
02/12/2024,1.115342073,1.160618572,3212.18517,1.040484938,0,3.690309514,107,6,2.06757818,02/12/2024 23:44,0,02/12/2024 11:33
03/12/2024,1.389178351,1.5681665,2003.195183,0.708085874,0,2.732703285,0.5,0,1.904490267,03/12/2024 15:47,0,03/12/2024 11:59
04/12/2024,0.937885434,0.939519253,2701.11005,0.877221687,0,3.386012676,6.5,0,1.941538293,04/12/2024 12:05,0,05/12/2024 03:17
05/12/2024,0.862654026,0.778513012,2484.443594,0.869400159,0,4.201227744,22,1,1.886068615,05/12/2024 15:21,0,06/12/2024 04:43
06/12/2024,0.952098644,0.976349933,2742.044094,0.81446958,0,2.909866129,2.5,0,1.692793004,06/12/2024 16:36,0,07/12/2024 04:49
07/12/2024,0.90764142,0.404833717,2614.007289,1.049457728,0,4.011949176,107.5,5.5,2.466770502,07/12/2024 12:53,0,08/12/2024 06:47
08/12/2024,0.765018705,0.610660163,2203.25387,0.808091194,0,2.684311138,0,0,2.303050663,08/12/2024 12:01,0,09/12/2024 04:18
09/12/2024,0.760130127,0.778513012,2189.174765,0.694617377,0,2.815039527,1,0,1.344648767,09/12/2024 13:07,0,10/12/2024 04:42
10/12/2024,0.974598328,0.805500858,2806.843185,0.968811729,0,2.952741603,5,0,2.574002526,10/12/2024 11:59,0,11/12/2024 06:59
11/12/2024,0.913119978,0.805500858,2629.785538,0.885433111,0,2.785379669,2.5,0,2.34611111,11/12/2024 12:35,0,12/12/2024 06:04
12/12/2024,0.768352907,0.404833717,2212.856373,0.908566034,0,3.179145168,9,0,2.451884094,12/12/2024 11:59,0,13/12/2024 05:20
13/12/2024,0.723569302,0.404833717,2083.879591,0.800152266,0,2.80729143,6.5,0,1.762782766,13/12/2024 15:52,0,14/12/2024 05:56
14/12/2024,0.699618149,0.519827994,2014.90027,0.782651928,0,3.439073619,17,1,2.019967667,14/12/2024 14:12,0,15/12/2024 05:06
15/12/2024,0.84216231,0.46612587,2425.427454,0.979261957,0,3.801431153,91.5,12,2.687184763,15/12/2024 12:31,0.007555607,16/12/2024 06:50
16/12/2024,0.867367649,0.899273187,2498.018828,0.753900803,0,2.8140144,1.5,0,1.743367825,16/12/2024 12:03,0,17/12/2024 05:11
17/12/2024,0.806645085,0.805500858,2323.137845,0.738003866,0,2.566643689,0,0,2.109896437,17/12/2024 12:02,0,18/12/2024 06:09
18/12/2024,0.912455737,0.919862254,2408.883145,0.809537237,0,3.016598828,19,0,1.803178307,18/12/2024 14:05,0.335489858,19/12/2024 07:31
19/12/2024,1.226996616,1.214843848,2477.306168,0.578192975,0,2.945219853,4,0,1.505853302,19/12/2024 12:10,0,20/12/2024 06:22
20/12/2024,0.855410724,0.919862254,2463.582885,0.705899113,0,3.467335754,2,0.5,1.507653513,20/12/2024 11:59,0,21/12/2024 04:13
21/12/2024,1.175487999,0.877659244,3385.405436,1.225750283,0,4.881938557,194,46.5,3.658320542,21/12/2024 11:59,0,22/12/2024 06:39
22/12/2024,0.629701609,0,1813.540633,0.908026084,0,3.798462802,38,3.5,2.210254658,22/12/2024 12:00,0,23/12/2024 03:36
23/12/2024,0.937068385,0.333447274,2698.756948,1.098419659,0,4.305376738,136.5,18,3.343852063,23/12/2024 12:03,0,24/12/2024 04:25
24/12/2024,0.954708585,0.749736316,2749.560725,1.015748627,0,3.589377608,90,4.5,2.259001895,24/12/2024 12:00,0,25/12/2024 03:59
25/12/2024,0.949015145,0.976349933,2733.163618,0.881058309,0,3.719848154,28.5,4.5,2.047776636,25/12/2024 15:19,0,26/12/2024 04:16
26/12/2024,1.020857954,0.778513012,2940.070907,1.083218823,0,4.423040314,160.5,17,2.458869235,26/12/2024 12:52,0,27/12/2024 05:04
27/12/2024,0.726555823,0.46612587,2092.480771,0.831958322,0,4.055615294,44,2.5,2.120284242,27/12/2024 12:38,0,28/12/2024 02:39
28/12/2024,0.534663259,0,1539.830187,0.805729772,0,4.069056547,46.5,9,1.764243939,28/12/2024 12:07,0,29/12/2024 03:00
29/12/2024,0.70364627,0.404833717,2026.501257,0.849576107,0,3.891125826,55,9,2.145599031,29/12/2024 12:02,0,30/12/2024 04:52
30/12/2024,1.057177623,0.702329212,3044.671555,1.170458279,0,4.305376738,203,37.5,2.768762405,30/12/2024 12:41,0,31/12/2024 04:34
31/12/2024,0.932365715,0.899273187,2685.213259,0.85916561,0,4.115078383,7.5,1,1.7102642,31/12/2024 15:14,0,01/01/2025 06:01
01/01/2025,0.755607837,0.333447274,2176.150572,0.886983445,0,3.165997676,31,0,2.512421458,01/01/2025 12:07,0,02/01/2025 04:09
02/01/2025,0.783226562,0,1221.833436,0.899540073,0,2.6259038,0,0,2.929970385,03/01/2025 09:00,1.506071171,02/01/2025 17:56
03/01/2025,,1.452323217,,,,3.109024781,59.5,0,1.958475733,03/01/2025 12:15,0,04/01/2025 05:31
04/01/2025,0.977939117,0,2816.464657,1.272561527,0,5.028113946,241.5,75.5,3.400982304,04/01/2025 13:15,0,05/01/2025 03:26
05/01/2025,1.138758585,1.298088569,3279.624724,0.975023337,0,3.608408352,84.5,3,2.241861821,05/01/2025 12:59,0,06/01/2025 06:03
06/01/2025,0.806947394,0.685741739,2324.008494,0.803424443,0,3.093397168,7,0,1.814449151,06/01/2025 14:13,0,07/01/2025 03:50
07/01/2025,1.005296182,1.234770295,2895.253005,0.751560992,0,2.831613855,6,0,2.032469736,07/01/2025 12:34,0,08/01/2025 04:49
08/01/2025,0.898912984,0.993656629,2588.869393,0.769099781,0,2.684311138,0,0,1.875548019,08/01/2025 12:04,0,09/01/2025 04:15
09/01/2025,0.807145221,0.685741739,2324.578235,0.788627221,0,2.95255509,1,0,2.192169944,09/01/2025 12:04,0,10/01/2025 03:08
10/01/2025,0.867417993,0.8309093,2498.163821,0.826646865,0,3.158865861,11,0,2.080052747,10/01/2025 12:00,0,11/01/2025 04:07
11/01/2025,0.652932705,0,1880.446192,0.916518056,0,3.349681515,45,0,2.108210788,11/01/2025 14:27,0,12/01/2025 04:17
12/01/2025,1.049873906,0.46612587,3023.636849,1.255820751,0,4.528592014,260.5,70.5,3.528500305,12/01/2025 12:00,0,13/01/2025 02:47
13/01/2025,0.90354251,0.958324932,2602.20243,0.813104674,0,3.146394735,3,0,1.62005025,13/01/2025 13:56,0,14/01/2025 03:45
14/01/2025,0.966512087,0.958324932,2783.554809,0.891618911,0,3.398079829,43,0.5,2.198876927,14/01/2025 11:59,0,15/01/2025 03:59
15/01/2025,0.968849161,1.09187792,2790.285585,0.832858254,0,3.84616633,10,1.5,1.956660427,15/01/2025 11:59,0,16/01/2025 04:17
16/01/2025,0.920461952,1.041787319,2650.930421,0.834908635,0,3.079420042,4,0,2.012981283,16/01/2025 12:06,0,17/01/2025 03:53
17/01/2025,0.821748383,0.404833717,2366.635342,0.905052949,0,3.42798244,13,1,1.605253955,17/01/2025 15:36,0,18/01/2025 02:42
18/01/2025,0.93375721,0.46612587,2689.220766,1.089268179,0,4.500684264,152.5,16,2.850520973,18/01/2025 11:59,0,19/01/2025 04:47
19/01/2025,0.805634893,0.649821463,2320.228493,0.852460836,0,3.513169639,25,1,3.262574478,19/01/2025 11:59,0,20/01/2025 04:28
20/01/2025,0.953689806,1.06392981,2746.626641,0.847678528,0,2.955529009,7.5,0,2.007320533,20/01/2025 11:59,0,21/01/2025 03:33
21/01/2025,0.902978065,0.976349933,2600.576827,0.838714123,0,2.759694279,1.5,0,2.038162978,21/01/2025 11:59,0,22/01/2025 05:31
22/01/2025,0.832414515,0.685741739,2397.353804,0.834759449,0,3.670772626,8.5,1,2.114298589,22/01/2025 12:00,0,23/01/2025 03:16
23/01/2025,0.935840684,0.948922092,2695.22117,0.897920393,0,2.899664588,1,0,2.01376836,23/01/2025 13:03,0,24/01/2025 03:48
24/01/2025,0.750714381,0.369140496,2162.057419,0.831832756,0,3.57342167,8,0.5,2.208151674,24/01/2025 12:14,0,25/01/2025 02:56
25/01/2025,0.841572856,0.247973266,2423.729824,0.992336563,0,3.540792309,63.5,1.5,2.502893717,25/01/2025 12:41,0,26/01/2025 05:26
26/01/2025,0.951829433,0.46612587,2741.268766,1.068502538,0,4.5352341,79,22.5,2.936882041,26/01/2025 12:50,0,27/01/2025 02:57
27/01/2025,0.999902499,1.098643726,2879.719198,0.869981553,0,2.922839594,2,0,1.907153196,27/01/2025 12:01,1.48E-18,28/01/2025 04:31
28/01/2025,0.875634115,0.718916686,2521.82625,0.892868598,0,4.175573271,11.5,2.5,2.063445953,28/01/2025 11:59,0,29/01/2025 04:13
29/01/2025,0.904014532,0.778513012,2603.561853,0.955792557,0,4.718279253,68.5,21,3.162783817,29/01/2025 12:40,0,30/01/2025 03:22
30/01/2025,0.834951054,0.649821463,2404.659034,0.825234756,0,3.028347542,8.5,0,1.881662835,30/01/2025 12:00,0.004211202,31/01/2025 04:32
31/01/2025,0.779843704,0.404833717,1590.881156,0.833366902,0,2.632188939,0,0,1.91389022,31/01/2025 12:00,0,31/01/2025 21:40
